etablissement,polluant
5100143,18
5100143,26
5100143,31
5100143,61
5100143,66
5100143,79
5100143,97
5100188,13
5100190,29
5100190,25
5100190,82
5100257,40
5100257,39
5100257,70
5100257,71
5100293,38
5100293,40
5100293,31
5100293,97
5100311,63
5100349,29
5100400,29
5100467,57
5100467,39
5100467,40
5100467,31
5100467,66
5100467,97
5100477,37
5100507,38
5100507,40
5100521,29
5100521,38
5100521,39
5100521,40
5100521,97
5100562,29
5100611,33
5100756,39
5100756,40
5100757,38
5100757,39
5100757,40
5100757,34
5100757,61
5100757,66
5100757,79
5100757,72
5100757,97
5100757,15
5100757,26
5100757,31
5100850,39
5100850,40
5100909,85
5100909,29
5100909,84
5100912,29
5100917,29
5100918,40
5100918,84
5100918,39
5100918,85
5100978,29
5100993,29
5101029,40
5101029,39
5101029,66
5101072,39
5101072,40
5101075,40
5101102,39
5101102,38
5101102,40
5101176,71
5101176,40
5101176,39
5101176,70
5101211,63
5101211,40
5101211,39
5101339,97
5101363,40
5101363,29
5101363,39
5101610,86
5101610,39
5101610,40
5101610,70
5101668,29
5101758,34
5101758,33
5101812,40
5101887,57
5101887,40
5101887,39
5101887,34
5101887,45
5101887,26
5101887,31
5101887,66
5101887,79
5101887,97
5101904,39
5101904,40
5101916,29
5101916,55
5101988,26
5101988,66
5102078,39
5102078,40
5102147,40
5102147,8
5102147,39
5102201,29
5102374,30
5102374,77
5102404,29
5102404,39
5102404,40
5102404,31
5102505,39
5102505,40
5102581,39
5102581,40
5102581,15
5102581,66
5102581,77
5102581,97
5102581,66
5102587,29
5102598,39
5102598,40
5103204,40
5103204,39
5103657,29
5103728,39
5103728,40
5200010,39
5200010,40
5200028,29
5200074,64
5200074,29
5200086,39
5200086,40
5200086,63
5200086,10
5200214,40
5200214,39
5200214,38
5200251,57
5200359,29
5200359,70
5200359,40
5200359,38
5200378,38
5200378,39
5200378,40
5200378,70
5200869,18
5201222,29
5201261,39
5201261,40
5201375,70
5201375,40
5201375,39
5201604,63
5201604,97
5201764,38
5201764,39
5201764,40
5201764,62
5201767,39
5201767,40
5201831,39
5201831,40
5201939,29
5202000,78
5202000,77
5202000,97
5202000,15
5202000,18
5202000,26
5202000,30
5202000,31
5202000,33
5202000,34
5202000,60
5202000,66
5202000,97
5202000,39
5202000,40
5202000,95
5202000,20
5202000,29
5202000,38
5202000,18
5202000,59
5202000,62
5202000,66
5202000,71
5202000,70
5202000,80
5202000,81
5202000,31
5202000,97
5202000,79
5202000,66
5202000,26
5202000,18
5202016,26
5202016,40
5202016,39
5202016,70
5202016,38
5202016,29
5202016,77
5202016,78
5202016,34
5202016,66
5202084,34
5202084,30
5202084,33
5202084,29
5202289,38
5202289,40
5202289,39
5202342,7
5202342,70
5202403,52
5202511,18
5202511,40
5202511,39
5202713,39
5202713,40
5202729,66
5207266,63
5300092,57
5300092,29
5300463,71
5300463,38
5300463,70
5300463,39
5300463,40
5300982,63
5301462,34
5301510,97
5301512,40
5301512,39
5301618,29
5301789,40
5301789,39
5301810,31
5301827,39
5301827,29
5301827,40
5301827,14
5301827,25
5301850,40
5301850,39
5301955,29
5302137,97
5302137,97
5302589,39
5302589,40
5302603,29
5302603,39
5302603,40
5302603,36
5302798,39
5302798,80
5302798,40
5302839,63
5302882,40
5302882,38
5302882,39
5401050,40
5401050,37
5401050,38
5401050,97
5401075,29
5401075,70
5401075,40
5401075,38
5401075,9
5401100,29
5401104,40
5401104,39
5401112,63
5401118,63
5401138,39
5401138,38
5401138,40
5401151,40
5401151,39
5401220,40
5401220,86
5401220,18
5401220,61
5401220,71
5401220,70
5401220,39
5401220,18
5401231,40
5401231,38
5401231,63
5401250,39
5401250,40
5401250,38
5401253,40
5401253,29
5401253,57
5401253,39
5401254,28
5401254,40
5401254,39
5401254,66
5401254,66
5401254,26
5401257,39
5401257,40
5401359,39
5401359,40
5401402,34
5401402,33
5401415,11
5401426,39
5401426,40
5401465,29
5401676,29
5401696,97
5401765,39
5401765,38
5401765,40
5401880,40
5401880,39
5401887,63
5401901,34
5402057,40
5500035,39
5500035,40
5500070,40
5500070,39
5500070,34
5500070,33
5500088,40
5500088,38
5500107,34
5500107,15
5500107,33
5500149,33
5500149,97
5500149,15
5500149,77
5500149,60
5500149,34
5500165,34
5500165,33
5500165,77
5500166,33
5500166,77
5500166,34
5500169,34
5500169,33
5500170,33
5500170,77
5500170,34
5500334,39
5500334,40
5500338,40
5500338,39
5500338,38
5500440,38
5500440,39
5500440,40
5500491,33
5500491,34
5500521,28
5500521,40
5500521,70
5500521,39
5500609,40
5500609,39
5500609,29
5500609,33
5500610,38
5500610,40
5500610,39
5500616,38
5500616,39
5500616,40
5500708,38
5500708,40
5500708,39
5500721,39
5500721,40
5500721,70
5500769,14
5500769,30
5500769,66
5500769,97
5500769,26
5500769,18
5500769,14
5500920,9
5500920,14
5500920,14
5500920,79
5500920,97
5500920,66
5500920,9
5501218,38
5501218,40
5501218,30
5501218,22
5501218,34
5501218,97
5501351,29
5501387,40
5501387,29
5501387,57
5501387,39
5501399,38
5501399,40
5501486,29
5501486,45
5501505,40
5501505,39
5501573,38
5501573,39
5501573,40
5501776,39
5501776,29
5501776,40
5501786,77
5501981,38
5501981,40
5501981,39
5502171,66
5502171,82
5502171,59
5503335,38
5503335,40
5503335,15
5503335,33
5503335,34
5503421,29
5503522,57
5503680,38
5503680,40
5503726,63
5503729,63
5600010,38
5600010,40
5600010,39
5600010,61
5600023,28
5600023,95
5600023,66
5600024,70
5600024,65
5600024,61
5600024,38
5600024,16
5600024,11
5600024,40
5600024,39
5600040,57
5600041,40
5600041,39
5600041,29
5600069,29
5600136,66
5600136,26
5600155,39
5600155,40
5600197,45
5600197,26
5600267,22
5600267,66
5600289,39
5600289,40
5600289,66
5600328,40
5600328,29
5600328,39
5600333,57
5600372,39
5600372,97
5600372,40
5600372,18
5600372,78
5600377,29
5600390,37
5600419,40
5600419,9
5600419,11
5600419,29
5600419,71
5600419,70
5600419,78
5600419,80
5600419,81
5600419,39
5600458,66
5600463,37
5600463,29
5600463,36
5600463,64
5600463,48
5600463,66
5600463,36
5600467,14
5600467,57
5601349,33
5601349,34
5601391,40
5601391,38
5601405,38
5601405,40
5700724,39
5700724,40
5700724,14
5700724,18
5700795,46
5700795,40
5700795,39
5701080,63
5701095,29
5701114,79
5701122,39
5701122,40
5701128,78
5701128,66
5701128,97
5701128,29
5701128,63
5701128,65
5701131,29
5701131,63
5701156,66
5701177,9
5701177,38
5701177,29
5701177,8
5701177,40
5701178,40
5701178,39
5701180,63
5701186,29
5701236,66
5701238,30
5701238,29
5701253,29
5701290,13
5701291,29
5701344,33
5701344,77
5701344,34
5701360,40
5701360,63
5701360,39
5701400,29
5701448,63
5701451,38
5701451,40
5701451,8
5701451,29
5701463,40
5701463,86
5701463,39
5701463,38
5701475,11
5100097,73
5701475,39
5100097,80
5701475,70
5100097,39
5701475,40
5100097,40
5701477,40
5701477,39
5701477,38
5100114,29
5701497,8
5100114,38
5100114,39
5701498,39
5100114,40
5701498,40
5701498,31
5100143,39
5701498,97
5100143,40
5100143,34
5701498,79
5701498,66
5701498,35
5701498,14
5701501,66
5701507,39
5701507,38
5701507,40
5701507,8
5701515,40
5701719,40
5701515,39
5701721,38
5701531,40
5701721,40
5701721,8
5701531,39
5701531,80
5701723,40
5701539,40
5701723,39
5701735,40
5701539,39
5701735,8
5701735,9
5701735,29
5701735,38
5701539,8
5701751,38
5701751,8
5701542,39
5701751,40
5701542,40
5701543,40
5701543,70
5701760,8
5701765,8
5701543,39
5701544,29
5701765,40
5701765,39
5701783,40
5701544,38
5701783,39
5701544,8
5701544,40
5701887,97
5701552,39
5701887,97
5701552,40
5701562,33
5701906,29
5701908,38
5701609,29
5701908,8
5701908,40
5701609,34
5701910,38
5701910,40
5701661,57
5701910,8
5701961,29
5701662,57
5701961,40
5701961,39
5701671,8
5701965,29
5701671,39
5701671,40
5702103,29
5701706,11
5702108,34
5701706,8
5702196,33
5701706,9
5701706,28
5702209,38
5702209,40
5701706,29
5701706,38
5701706,80
5702271,40
5702271,39
5701706,97
5702390,29
5701706,40
5702394,29
5701719,39
5702421,39
5702421,40
5800378,39
5702478,63
5702543,38
5702543,40
5702543,29
5800378,40
5702543,8
5800289,36
5800378,48
5800289,35
5800386,29
5800290,39
5800290,71
5800290,70
5800290,40
5800291,38
5800291,40
5800291,8
5800386,14
5800297,71
5800297,70
5800387,71
5800297,81
5800297,97
5800297,39
5800392,77
5800398,39
5800297,40
5800398,40
5800297,95
5800297,18
5800410,57
5800297,16
5800297,29
5800410,39
5800297,66
5800297,97
5800410,40
5800297,54
5800297,66
5800412,39
5800297,34
5800297,14
5800412,29
5800297,78
5800412,38
5800297,79
5800297,15
5800412,40
5800297,25
5800412,34
5800297,30
5800412,15
5800412,32
5800299,29
5800299,40
5800412,97
5800299,39
5800305,40
5800305,39
5800305,71
5800305,61
5800305,86
5800305,70
5800412,82
5800412,77
5800317,29
5800412,28
5800331,11
5800412,77
5800331,40
5800331,81
5800412,15
5800331,70
5800331,39
5800413,9
5800331,15
5800331,18
5800348,70
5800413,29
5800348,40
5800348,39
5800416,40
5800348,71
5800348,57
5800416,39
5800348,29
5800348,16
5800435,29
5800348,5
5800350,29
5800439,40
5800350,66
5800350,66
5800350,65
5800355,40
5800355,39
5800357,28
5800357,66
5800439,29
5800357,63
5800357,95
5800357,40
5800439,64
5800357,39
5800439,71
5800357,81
5800439,39
5800439,78
5800357,70
5800357,29
5800444,39
5800357,16
5800357,78
5800444,40
5800357,44
5800357,97
5800445,40
5800378,13
5800378,37
5800445,39
5800446,38
5800446,40
5800483,29
5800489,39
5800489,40
5800489,77
5800489,34
5900367,40
5800489,33
5900458,39
5900458,38
5800489,15
5900458,40
5800496,40
5800496,39
5900534,34
5800496,29
5900534,33
5800520,29
5900536,39
5900536,40
5800523,38
5900536,71
5900536,33
5800523,39
5900605,66
5800523,71
5900605,97
5900608,29
5800523,40
5900608,40
5900608,39
5900608,56
5900825,40
5800552,57
5900825,38
5800572,29
5800575,39
5900978,70
5900978,11
5800575,40
5900978,16
5900978,38
5800587,39
5900978,55
5900978,71
5800587,40
5900978,39
5900978,40
5901072,22
5901072,66
5901072,97
5901098,45
5901098,77
5901100,29
5901115,18
5901115,28
5800587,79
5901115,37
5901115,38
5800587,97
5901115,40
5800587,17
5901149,29
5800587,31
5800587,61
5800587,26
5901183,29
5800587,14
5901214,29
5800587,66
5901243,40
5800595,39
5901243,77
5800595,40
5901267,29
5800607,11
5901306,40
5901990,38
5800607,81
5901990,97
5901990,39
5800607,39
5901990,40
5800607,40
5902583,85
5902679,29
5800607,70
6000274,9
5800607,80
6000283,33
6000314,40
5800607,15
6000314,39
6000314,34
5800607,14
6000346,40
6000346,39
5800610,39
5800610,40
6000357,40
6000357,86
5800611,34
6000357,66
6000357,18
5800611,33
6000357,71
6000357,78
5800627,40
6000357,80
6000357,39
5800627,63
5800627,38
6000361,33
5800627,14
6000361,34
6000454,39
5800627,26
6000454,40
5800627,31
5800627,66
6001292,39
5800627,79
6001292,40
6002672,38
5800627,97
5800627,17
6002672,39
6002672,40
6101980,40
6101980,38
6101980,71
6101980,70
6101980,39
6101980,14
5800635,29
6101980,18
6101989,24
6101989,39
6101989,57
5800666,57
6101989,40
6101989,24
5800666,39
6102002,38
5800666,40
6102002,39
6102002,40
5800814,29
5801000,57
5801044,34
5801230,29
6102031,97
6102031,97
6102064,29
5801247,29
6102064,65
5801247,36
6102089,63
6102089,29
5801373,29
6102124,86
5801468,29
6102124,39
6102124,40
5801573,34
6102124,70
6102124,71
6102124,61
5801573,33
5801573,77
5801578,39
5801578,31
6102152,57
5801578,40
5801681,86
6102201,40
6102201,39
5801681,70
5801681,71
6102218,29
6102245,40
5801843,40
6102245,57
6102245,39
5801843,39
6102267,22
6102267,29
5802051,40
6102267,36
6102267,36
6102272,39
5802051,39
6102272,94
5802304,77
6102272,40
6102272,72
5802304,34
6102272,48
6102272,97
5802304,33
6102272,30
6102272,18
5900119,40
6102314,33
6102350,39
5900119,38
6102350,40
6102364,40
6102364,39
6102364,70
5900367,39
6103394,40
6102409,40
6102409,39
6102409,71
6103396,29
6102410,29
6103493,40
6102416,29
6103493,39
6102435,28
6103493,70
6103523,40
6102435,62
6103523,71
6102435,7
6102435,65
6103523,70
6102435,70
6103523,39
6102435,39
6102435,40
6103556,29
6102435,61
6102435,38
6102435,16
6103586,16
6102435,11
6102435,31
6103586,38
6102440,29
6102447,40
6103586,39
6102447,29
6103586,40
6102464,28
6103586,11
6103586,65
6102509,29
6103586,70
6103643,57
6102595,29
6103644,36
6102813,29
6102819,33
6103644,40
6102819,34
6102824,39
6103644,39
6102824,7
6102824,11
6102824,16
6102824,18
6102824,20
6102824,28
6103644,57
6102824,29
6102824,31
6103685,40
6102824,38
6102824,61
6103685,1
6102824,62
6102824,65
6103685,21
6102824,71
6102824,70
6103685,56
6102824,79
6102824,81
6103685,57
6103685,39
6102824,40
6102824,87
6102832,39
6103685,49
6102832,40
6103685,31
6103685,25
6102857,29
6103685,66
6102857,36
6102859,66
6102859,18
6103685,48
6102870,40
6102870,39
6103699,40
6102870,79
6102870,97
6103699,39
6103714,40
6102885,92
6102885,76
6103714,39
6102885,57
6102885,52
6103723,19
6102885,29
6102885,81
6103723,82
6102885,77
6102885,15
6103723,77
6102885,31
6102885,48
6103723,34
6102885,58
6102923,40
6103723,28
6102923,39
6102923,38
6103723,10
6102939,29
6102957,38
6103723,25
6102957,39
6102957,40
6103724,24
6102993,40
6103724,24
6102993,39
6102993,57
6103725,39
6102993,29
6102993,61
6103725,40
6102993,15
6102993,97
6103725,31
6102993,25
6102993,45
6103725,14
6102993,59
6102995,66
6103725,66
6103032,29
6103048,39
6103727,39
6103048,40
6103062,39
6103062,40
6103087,29
6103727,40
6103096,29
6103731,38
6103108,70
6103108,11
6103731,40
6103108,38
6103108,39
6103731,39
6103108,40
6103731,78
6103134,40
6103134,39
6103731,29
6103189,70
6103189,40
6103189,71
6103189,39
6103731,97
6103196,63
6103196,40
6103731,78
6103196,38
6103731,59
6103731,14
6103219,40
6103731,19
6103219,39
6103219,26
6103731,82
6103731,78
6103223,38
6103223,40
6103731,34
6103223,39
6103265,38
6103731,25
6103265,40
6103735,40
6103282,29
6103291,40
6103735,39
6103291,39
6103291,29
6103754,29
6103344,40
6103759,13
6103810,40
6103381,39
6103381,18
6103810,38
6103381,40
6103381,95
6103843,39
6103381,26
6103381,66
6103843,38
6103381,97
6103394,39
6103843,40
6103844,57
6103851,39
6103851,40
6103851,55
6103856,57
6103908,52
6104373,38
6103933,66
6104373,39
6104373,40
6103973,16
6104374,66
6103973,29
6104379,39
6104379,40
6103973,56
6104379,57
6104379,29
6103973,57
6104379,11
6103973,66
6104379,36
6104426,38
6103973,70
6104426,39
6104426,40
6103973,40
6104466,71
6103973,39
6104466,40
6104466,62
6104466,39
6103973,81
6104466,46
6104466,80
6103973,95
6104466,76
6104466,70
6103973,71
6104466,10
6104466,97
6103973,13
6104466,66
6103973,78
6104466,48
6104466,35
6104000,29
6104466,32
6104466,31
6104017,33
6104466,27
6104466,14
6104050,38
6104473,57
6104050,39
6104473,20
6104473,66
6104505,40
6104505,39
6104505,97
6104505,15
6104505,26
6104505,27
6104505,66
6104505,48
6104050,40
6104159,39
6104534,66
6104159,40
6104223,95
6104223,40
6104223,38
6104565,40
6104565,39
6104565,38
6104223,61
6104223,97
6104577,66
6104577,97
6104223,39
6104577,31
6104223,13
6104624,40
6104624,38
6104223,35
6104624,39
6104624,37
6104259,29
6104259,77
6104645,66
6104655,39
6104259,33
6104655,40
6104655,38
6104280,40
6104660,40
6104660,39
6104306,52
6104664,78
6104679,29
6104306,57
6104679,39
6104679,40
6104340,48
6104682,33
6104340,66
6104720,29
6104749,38
6104358,40
6104749,39
6104358,39
6104749,40
6104358,38
6104769,39
6104769,40
6104372,40
6105222,31
6105222,57
6104372,38
6200297,40
6105222,39
6105222,40
6105222,25
6105222,31
6105223,39
6105223,40
6200297,70
6105224,77
6200297,39
6105225,57
6200307,71
6105225,71
6105225,39
6200307,40
6105225,40
6105225,82
6200307,39
6105225,18
6105225,31
6200307,11
6105225,97
6200307,70
6106947,39
6106947,40
6200307,25
6107044,63
6107044,38
6200339,40
6107044,40
6107044,78
6200339,39
6200031,39
6200031,40
6200339,8
6200037,39
6200037,40
6200373,39
6200037,29
6200037,57
6200373,40
6200067,40
6200067,70
6200373,38
6200067,81
6200067,39
6200381,29
6200092,63
6200119,63
6200499,79
6200499,59
6200139,29
6200499,18
6200158,70
6200499,39
6200158,39
6200158,11
6200158,40
6200158,38
6200158,62
6200158,71
6200158,66
6200158,79
6200499,40
6200158,82
6200158,97
6200499,97
6200158,58
6200158,26
6200539,40
6200158,25
6200158,18
6200539,39
6200199,29
6200203,38
6200539,38
6200203,39
6200203,40
6200539,29
6200539,14
6200539,18
6200679,25
6200720,40
6200720,39
6200802,29
6202307,72
6200900,38
6202307,79
6202307,31
6200900,40
6200900,39
6200900,70
6202341,66
6200920,40
6200938,40
6202392,40
6200938,29
6202392,39
6200938,84
6202541,85
6200938,39
6200939,40
6202541,82
6200939,39
6202575,29
6200952,63
6201020,34
6202608,40
6202608,38
6201286,40
6204536,63
6204536,39
6201286,39
6204536,40
6204558,39
6201313,97
6204558,40
6201313,40
6204691,39
6204691,40
6201313,39
6204851,20
6204851,71
6201313,26
6204851,70
6204851,39
6201313,59
6204851,40
6201313,28
6204953,33
6201313,66
6204953,97
6204993,38
6201313,97
6204993,39
6204993,40
6205051,33
6205449,38
6201313,79
6205449,70
6205449,39
6201330,29
6205449,40
6206235,33
6206235,34
6206235,38
6206235,40
6206515,39
6201330,40
6206515,40
6206553,39
6201330,39
6206553,40
6300877,29
6201358,39
6300877,38
6300877,39
6201358,40
6300877,40
6201370,16
6201370,11
6201370,38
6300890,38
6300890,40
6201370,70
6300890,34
6201370,39
6300905,39
6300905,40
6201370,40
6300906,39
6300906,40
6201477,66
6300906,33
6300906,34
6201555,33
6300906,77
6300907,34
6201555,34
6300907,77
6300908,40
6201555,77
6300908,39
6300908,70
6201556,57
6300908,71
6300908,61
6201561,39
6300908,38
6300908,29
6201561,40
6300908,20
6300908,11
6201561,38
6300908,7
6300909,83
6201561,97
6300909,33
6300909,34
6201561,79
6300914,29
6201561,31
6300918,73
6300918,80
6201561,26
6300918,11
6300918,81
6201610,63
6300918,15
6300949,57
6201759,39
6300949,29
6300950,29
6201759,40
6300964,33
6201759,57
6300974,40
6300974,63
6300974,39
6201759,29
6300987,39
6300987,29
6201759,45
6300987,40
6300988,34
6201759,4
6300988,77
6300988,33
6201759,31
6300990,33
6300990,34
6201759,59
6300991,63
6201759,66
6201829,29
6301007,38
6301007,40
6201943,57
6301007,97
6301007,31
6202068,39
6301011,57
6202068,40
6301011,31
6202068,79
6301021,77
6202068,14
6301049,40
6301049,39
6202114,77
6301049,38
6202229,39
6301085,34
6202229,40
6301085,77
6202229,77
6301096,34
6301096,78
6202256,14
6301096,33
6301099,26
6202256,71
6301099,33
6301099,34
6202256,70
6301099,60
6301099,15
6202256,79
6301117,40
6202256,39
6301117,39
6202256,86
6301144,29
6202256,40
6301146,11
6202274,70
6301171,22
6301207,29
6202274,81
6301207,95
6301207,40
6202274,39
6301207,39
6301207,97
6202274,40
6202274,61
6202274,38
6202274,20
6301207,81
6202274,11
6301207,70
6301207,71
6202274,32
6301207,66
6301207,16
6301207,14
6301207,7
6301207,48
6301207,66
6301207,78
6202274,34
6301207,14
6301217,66
6202274,10
6301217,71
6301217,70
6202274,14
6301217,81
6301217,39
6202274,59
6301217,40
6301217,95
6202307,39
6301217,20
6301217,28
6202307,40
6301217,46
6301217,45
6202307,34
6301239,29
6301264,33
6202307,66
6301292,29
6202307,97
6301293,29
6400651,14
6301299,39
6301299,40
6301299,34
6400651,15
6301299,18
6301299,33
6400651,25
6400651,33
6301300,83
6400651,34
6301343,39
6301343,40
6400790,29
6301359,39
6301359,40
6301360,39
6400825,1
6301360,40
6301389,40
6301389,38
6400825,39
6301411,40
6400825,40
6301411,29
6301411,57
6400825,2
6301411,39
6301415,11
6400825,74
6301416,34
6400825,22
6301416,33
6301416,77
6400825,30
6301453,40
6400825,25
6301453,38
6301453,39
6400825,22
6301622,29
6400825,93
6400825,4
6301730,77
6301730,33
6400825,94
6301730,34
6301730,60
6400825,91
6400825,78
6301770,29
6301945,33
6400881,63
6302121,29
6400904,39
6400904,40
6302141,63
6302330,57
6400908,29
6302331,29
6400913,58
6302818,40
6400942,93
6303911,29
6303969,29
6400942,24
6400007,40
6400007,38
6400942,36
6400023,18
6400942,29
6400023,40
6400942,40
6400023,39
6400942,23
6400023,70
6400023,38
6400942,22
6400023,61
6400061,48
6400942,4
6400196,40
6400196,39
6400196,38
6400942,39
6400942,61
6400280,97
6400280,39
6400942,57
6400280,40
6400280,38
6400942,25
6400280,11
6400942,93
6400280,70
6400942,64
6400942,22
6400332,29
6400942,19
6400942,4
6400333,29
6400942,61
6400942,15
6400337,29
6400942,25
6400337,36
6400337,36
6400955,65
6400955,5
6400340,94
6400347,33
6400955,16
6400353,22
6400955,18
6400367,57
6400955,29
6400402,29
6400402,40
6400955,62
6400402,39
6400402,78
6400955,63
6400402,46
6400402,11
6400955,70
6400402,9
6400414,38
6400955,81
6400414,70
6400955,97
6400414,39
6400414,40
6400955,39
6400503,25
6400503,97
6400503,45
6400533,40
6400955,40
6400533,39
6400955,25
6400955,4
6400568,38
6400955,14
6400568,63
6400568,40
6400955,18
6400578,40
6400578,38
6400955,78
6400578,63
6400589,29
6400955,66
6400651,16
6400955,34
6400651,11
6400955,32
6400651,56
6400651,40
6400978,29
6400651,39
6400651,70
6400651,38
6400988,16
6400651,29
6400651,95
6400990,20
6400990,24
6400990,29
6400990,40
6400990,39
6400990,70
6401029,66
6400990,57
6401029,61
6401029,18
6401029,14
6401029,97
6400990,4
6401040,70
6401040,71
6400990,66
6401040,40
6401040,39
6400990,25
6400990,22
6401052,66
6400990,18
6401052,87
6401052,95
6401052,40
6401052,39
6401052,97
6401052,84
6401052,80
6400990,4
6401052,79
6401052,73
6400997,69
6401052,70
6401052,71
6400997,39
6401052,65
6401052,63
6400997,40
6401052,62
6401052,61
6400997,29
6401052,59
6401052,57
6400997,57
6401052,46
6401052,37
6401007,29
6401052,31
6401052,29
6401052,28
6401052,26
6401052,20
6401052,18
6401052,16
6401052,11
6401052,79
6401007,78
6401052,97
6401052,59
6401007,57
6401052,45
6401052,34
6401007,64
6401052,32
6401052,18
6401007,24
6401052,15
6401013,29
6401019,40
6401052,66
6401052,78
6401019,37
6401055,29
6401056,16
6401019,59
6401056,40
6401056,39
6401019,97
6401056,29
6401066,93
6401019,39
6401019,97
6401019,79
6401019,66
6401022,62
6401421,63
6401022,70
6401567,11
6401567,38
6401022,40
6401567,62
6401567,29
6401022,39
6401567,86
6401567,40
6401027,29
6401567,16
6401567,7
6401029,97
6401567,39
6401567,81
6401029,95
6401567,70
6401567,71
6401029,40
6401567,65
6401029,39
6402211,57
6402211,7
6401029,70
6402211,16
6402211,29
6401029,71
6402211,66
6402211,71
6401029,66
6402211,70
6402211,81
6401029,29
6402211,97
6402211,39
6401029,28
6402211,40
6402211,95
6401029,18
6402211,14
6402211,78
6402211,18
6402259,40
6401029,16
6402259,38
6401029,13
6402259,34
6402259,60
6401029,7
6402259,33
6500049,39
6401029,79
6500049,70
6500049,40
6401029,78
6500510,57
6500510,34
6502609,34
6500510,77
6500510,33
6500690,29
6502609,33
6501132,63
6502612,40
6502612,38
6501167,73
6501167,70
6502612,39
6501167,11
6501167,81
6502739,39
6501167,40
6501167,39
6502739,40
6501167,80
6501167,15
6501169,29
6501529,29
6502851,57
6502851,29
6502951,40
6501812,33
6501812,34
6502951,39
6501936,97
6502951,38
6501936,40
6501936,39
6503162,29
6501936,18
6501936,28
6503162,63
6501936,62
6501936,31
6503170,97
6501936,14
6501936,66
6503170,40
6501966,39
6503170,37
6501966,40
6501966,38
6503170,39
6502055,39
6503170,61
6502055,40
6503183,39
6503183,40
6503183,38
6503198,40
6503198,38
6503198,39
6503218,39
6503218,40
6506446,39
6506446,40
6503268,39
6503268,40
6506453,38
6506453,61
6506453,70
6503268,29
6506453,39
6506453,40
6503268,78
6506454,38
6506454,70
6503268,14
6506454,81
6506454,39
6503268,97
6506454,40
6503268,48
6506455,38
6503268,66
6506455,39
6503296,63
6506455,40
6503322,39
6506456,38
6506456,39
6503322,40
6506456,40
6506457,38
6503322,25
6506457,40
6506481,57
6503349,39
6506498,40
6506498,38
6503349,40
6506498,61
6506498,39
6503449,40
6506498,18
6506498,61
6503449,39
6506505,38
6506505,39
6503449,29
6506505,40
6503449,66
6506514,37
6506514,38
6503465,97
6506514,66
6506514,70
6503465,39
6506514,97
6506514,39
6503465,40
6506514,40
6506515,39
6503571,40
6506515,40
6506520,39
6503571,39
6506520,40
6506520,15
6503580,40
6506520,33
6506520,34
6503580,39
6506520,60
6506520,77
6503930,57
6506520,97
6506552,57
6503972,29
6506552,39
6506552,40
6503972,57
6506552,14
6506552,33
6503972,76
6506552,34
6506552,97
6506686,33
6503972,81
6506686,34
6508159,39
6503972,48
6508159,40
6600081,46
6504212,39
6600081,39
6600081,40
6504212,40
6600156,39
6600156,40
6504556,38
6600171,39
6600171,40
6504556,39
6504556,40
6504556,13
6600256,29
6504996,40
6600334,46
6600334,39
6504996,39
6600334,40
6505082,61
6600430,29
6600430,36
6505082,28
6505185,37
6600432,29
6505307,40
6600432,36
6600432,57
6600453,38
6600453,61
6600453,70
6505307,39
6600453,80
6600453,39
6505345,39
6600453,40
6600459,29
6505345,40
6600541,39
6600541,40
6505345,38
6505584,40
6505584,39
6600562,39
6505997,40
6600562,40
6600563,38
6600563,71
6505997,39
6600563,70
6600563,39
6505997,38
6600563,40
6506112,38
6600637,39
6600637,40
6506112,40
6600672,29
6600803,29
6506112,39
6600812,39
6506138,40
6600812,40
6506138,39
6506146,40
6600893,14
6506146,39
6600893,28
6600893,79
6600893,39
6600893,40
6600901,29
6600904,29
6601003,29
6601065,38
6506146,18
6601065,39
6601065,40
6506146,19
6506146,25
6601281,29
6506146,26
6601281,38
6506146,30
6601281,40
6601317,29
6506146,31
6601317,55
6506146,33
6601574,39
6506146,34
6601574,40
6601574,14
6506146,48
6601574,97
6506146,66
6601577,28
6506146,79
6601577,66
6506146,82
6601577,70
6601577,39
6506146,97
6601577,40
6506146,14
6601578,36
6601578,57
6506233,39
6700361,39
6700361,40
6506233,40
6506236,39
6506236,40
6506240,39
6506240,40
6506266,38
6700387,38
6700387,40
6506266,40
6506282,39
6506282,40
6700403,39
6700403,40
6506294,22
6700404,38
6700404,70
6506294,36
6700404,39
6700404,40
6506294,22
6700404,18
6700404,26
6506295,39
6700404,66
6700404,79
6506295,40
6700404,97
6700407,29
6506325,40
6700413,81
6700413,39
6506325,39
6700413,40
6506327,64
6700428,39
6700428,40
6700428,18
6700428,34
6700428,83
6700429,36
6506328,66
6700429,39
6700429,40
6506333,39
6700429,66
6700444,39
6506333,40
6506348,39
6700444,40
6506348,40
6700446,29
6506356,38
6506356,39
6700464,39
6506356,40
6700464,40
6700469,29
6506446,38
6700469,37
6700469,70
6700668,66
6700469,39
6700469,40
6700471,11
6700471,70
6700471,81
6700471,39
6700673,38
6700471,40
6700471,15
6700673,81
6700472,33
6700472,34
6700673,40
6700478,29
6700688,33
6700503,19
6700688,34
6700503,25
6700503,30
6700688,60
6700503,31
6700503,33
6700503,34
6700515,29
6700522,78
6700526,39
6700701,7
6700526,40
6700526,15
6700526,33
6700701,11
6700526,34
6700526,66
6700701,16
6700526,78
6700701,29
6700701,38
6700537,29
6700701,61
6700538,29
6700538,70
6700701,62
6700538,81
6700538,39
6700701,65
6700538,40
6700538,15
6700701,70
6700538,19
6700538,26
6700701,81
6700538,31
6700538,32
6700538,33
6700538,34
6700701,39
6700538,66
6700538,78
6700701,40
6700538,97
6700720,34
6700541,20
6700541,71
6700541,70
6700720,15
6700541,39
6700720,33
6700541,40
6700567,39
6700720,60
6700567,40
6700569,38
6700720,77
6700569,63
6700569,40
6700724,39
6700569,45
6700569,59
6700724,40
6700569,78
6700571,28
6700794,39
6700583,57
6700586,33
6700794,40
6700586,34
6700598,38
6700795,80
6700598,39
6700598,40
6700795,39
6700795,40
6700619,38
6700806,29
6700619,39
6700619,40
6701057,34
6700630,29
6701060,15
6700637,38
6701060,33
6700637,39
6700637,40
6701060,34
6700643,70
6700643,8
6701060,77
6700643,29
6700643,39
6701094,33
6700643,40
6700643,14
6701094,34
6700643,33
6700643,18
6700643,34
6700643,77
6701094,80
6700663,39
6700663,40
6701094,40
6700668,38
6701518,29
6700668,70
6700668,39
6700668,40
6702143,29
6700668,34
6702200,39
6702200,40
6702202,78
6702209,38
6702209,39
6702209,40
6803836,40
6702209,18
6702264,33
6804445,63
6804445,38
6804445,40
6702408,63
6702557,29
7000438,39
7000438,40
6802185,39
6802185,40
7000442,71
7000442,70
6802185,22
7000442,39
7000442,40
6802185,33
6802185,34
7000445,15
7000445,34
7000445,77
7000445,97
7000461,38
6802185,78
7000461,63
7000461,40
6802257,15
7000463,38
7000463,63
6802257,33
7000463,40
6802257,34
6802257,77
6802302,97
7000481,29
7000481,39
6802344,29
7000481,40
7000481,82
6802344,38
7000483,11
7000483,23
6802344,40
7000483,29
7000483,39
6802353,29
7000483,40
7000489,31
6802353,57
7000489,97
7000489,72
6802353,49
7000490,31
7000490,79
6802373,57
7000490,72
7000492,39
6802464,19
7000492,40
7000499,29
6802464,33
7000508,59
7000508,61
6802464,34
7000508,97
7000508,39
6802476,18
7000508,40
7000519,29
6802513,71
7000522,29
6802513,39
7000534,29
7000534,22
6802513,40
7000534,33
7000534,34
6802544,39
7000534,36
7000535,29
6802544,40
7000535,31
7000554,37
6802548,26
7000554,38
7000554,39
6802548,38
7000554,40
7000581,57
6802548,59
6802548,61
7000582,33
7000582,34
6802548,66
7000582,77
6802548,70
7000589,29
6802548,84
7000589,37
7000589,39
6802548,97
7000589,40
7000590,33
6802548,39
7000607,81
6802548,40
6802548,18
7000620,24
7000620,39
6802548,30
7000620,40
7000621,70
6802548,33
7000621,39
7000621,40
6802548,34
7000621,14
7000621,18
7000621,31
7000621,48
7000621,66
7000621,97
6802548,77
7000631,29
7000635,61
6802548,97
7000635,66
7000635,97
6802548,18
7000635,39
7000635,40
6802548,26
6802548,31
7000646,39
6802548,61
7000646,40
7000648,39
6802548,66
7000648,40
7000656,39
7000656,40
6802548,79
7000658,39
7000658,40
6802548,97
7000661,39
7000661,40
6802548,72
7000661,97
7000681,29
6802560,38
7000683,46
7000683,52
6802560,61
7000683,59
7000683,71
6802560,70
7000683,70
7000683,73
6802560,39
7000683,76
7000683,80
6802560,40
7000683,97
7000683,39
6802598,7
7000683,40
7000683,86
6802598,38
7000683,48
7000683,66
6802598,70
7000683,97
6802598,39
6802598,40
7000697,63
6802901,33
7000705,29
7000706,39
6802901,34
7000706,40
7000711,29
6802944,29
7000720,7
7000720,14
6803824,33
7000720,18
7000720,28
6803824,34
7000720,59
7000720,61
6803836,29
7000720,71
7000720,70
7000720,39
6803836,39
7000956,66
7000956,65
7000720,40
7000956,59
7000720,87
7000727,29
7000956,55
7000727,57
7000727,39
7000956,48
7000727,40
7000742,40
7000749,39
7000749,40
7000956,47
7000750,97
7000750,39
7000956,45
7000750,40
7000757,38
7000757,40
7000956,34
7000757,39
7000757,29
7000956,32
7000757,33
7000757,77
7000956,22
7000757,34
7000956,15
7000962,11
7000766,29
7000962,40
7000776,62
7000785,71
7000962,39
7000785,39
7000785,40
7000962,81
7000785,70
7000785,11
7000962,70
7000785,28
7000785,38
7000962,71
7000785,61
7000962,62
7000976,39
7000789,29
7000794,40
7000976,40
7000794,39
7000794,16
7000976,38
7000794,70
7000794,29
7000979,29
7000794,78
7000803,29
7000987,39
7000803,9
7000821,97
7000987,71
7000821,71
7000821,39
7000987,40
7000821,40
7000987,77
7000821,97
7000821,61
7000821,48
7000991,34
7000821,14
7000821,18
7000991,33
7000824,40
7000824,39
7000991,77
7000824,66
7000824,30
7001005,40
7000824,18
7000824,14
7001005,38
7000825,71
7001025,36
7000825,39
7000825,65
7000825,40
7001026,97
7000829,56
7001026,97
7000830,57
7001030,39
7000832,29
7000832,39
7001030,40
7000832,40
7001033,77
7000846,39
7000846,40
7000846,72
7000846,31
7001044,33
7000846,66
7000846,97
7001044,34
7000846,26
7001046,39
7000851,31
7000851,40
7001046,40
7000851,39
7000851,97
7001051,40
7000851,79
7000851,66
7000851,65
7001051,39
7000851,62
7001051,3
7000851,61
7000851,59
7001051,29
7000851,37
7000851,16
7001053,61
7000854,29
7000866,80
7000918,29
7000936,29
7000936,40
7001053,38
7000936,39
7000938,40
7001053,40
7000938,39
7001053,39
7000938,71
7001092,29
7000955,40
7001104,29
7000955,39
7000956,95
7001124,34
7000956,39
7000956,87
7001124,33
7000956,40
7000956,16
7001139,33
7000956,86
7000956,18
7001153,38
7000956,20
7000956,26
7001153,63
7000956,28
7000956,29
7001153,40
7000956,31
7000956,37
7001157,40
7000956,55
7000956,57
7001157,39
7000956,59
7000956,61
7001170,40
7000956,62
7000956,14
7001170,39
7000956,11
7000956,65
7000956,63
7001176,40
7000956,66
7000956,71
7001176,39
7000956,70
7001176,57
7000956,73
7000956,79
7001213,40
7000956,80
7000956,97
7001214,39
7000956,25
7000956,97
7001214,40
7000956,82
7000956,79
7001335,40
7000956,67
7001335,71
7001335,70
7001335,39
7001494,39
7001494,40
7001833,39
7001833,29
7201348,82
7001833,40
7002077,36
7201362,39
7201362,40
7002178,29
7201384,33
7201384,34
7002223,11
7201384,19
7201406,29
7002235,38
7201542,86
7002235,40
7201542,11
7201542,16
7002235,39
7201542,20
7201542,29
7002326,29
7201542,38
7201542,62
7201542,65
7201542,71
7201542,70
7201542,97
7002326,16
7201542,39
7201542,40
7002336,29
7201655,40
7201655,70
7002377,40
7201655,39
7002377,66
7201670,29
7002377,39
7201820,40
7002377,66
7201820,38
7201820,71
7002377,77
7201820,39
7202185,29
7002377,10
7202617,40
7002377,45
7202617,63
7202617,38
7002377,31
7202768,29
7202778,39
7002377,26
7202778,40
7202778,97
7002398,39
7202778,15
7202778,10
7002398,40
7202778,72
7202778,97
7002398,18
7202778,77
7202778,66
7002398,26
7202778,45
7202778,26
7002398,59
7202778,15
7300024,13
7002398,97
7300024,39
7300024,40
7002398,97
7300024,71
7002398,66
7300024,70
7300024,95
7002401,70
7300024,66
7300024,28
7002401,38
7300024,16
7300025,39
7002401,40
7300025,40
7002401,39
7402350,39
7402350,40
7002413,63
7402356,33
7402356,19
7002413,40
7402356,34
7403769,18
7002413,38
7403769,33
7403769,34
7002425,40
7403769,97
7002425,39
7002568,33
10000033,40
7002568,34
10000149,38
10000149,70
7002731,40
10000149,39
10000149,40
7002731,39
10000194,29
7002731,29
10000336,56
10000442,63
7002731,66
7002953,70
10000473,38
10000473,70
7002969,39
10000473,39
10000473,40
7002969,40
10000504,39
7201287,40
10000504,40
7201287,39
7201294,63
7201348,29
10000577,39
10000577,40
10001770,40
10000612,66
10000625,45
10000648,16
10000648,38
10001770,39
10000648,65
10000648,70
10001770,63
10000648,81
10000648,39
10001788,29
10000648,40
10000663,34
10000685,94
10000714,57
10000740,29
10000740,76
10001790,29
10000740,48
10000740,66
10000968,78
10002151,63
10000973,9
10000973,29
10002253,39
10000974,38
10000974,39
10000974,40
10002253,40
10001019,8
10002254,40
10001019,29
10001019,38
10002254,39
10001019,40
10001078,29
10003779,33
10001092,83
10003779,34
10001145,40
10001145,39
10003779,77
10001229,29
10003779,39
10001230,22
10001230,57
10003779,40
10003855,63
10001395,40
10001395,38
10003878,40
10001395,39
10003878,38
10001462,36
10003878,71
10001462,29
10003878,70
10003878,39
10003878,11
10001557,40
10001557,38
10003878,16
10001557,39
10004012,38
10001612,40
10001612,39
10004012,40
10004012,63
10001618,40
10004219,33
10004585,70
10001770,29
10004585,40
10004585,39
10004585,80
10004585,29
10004585,38
10006170,63
10007111,63
5201464,40
10100059,40
5201806,29
5201806,78
10100059,39
5201806,32
10300115,33
5201807,9
10300115,34
5201807,40
5201807,97
10400032,39
5201807,79
5201807,70
10400032,38
5201807,59
10400032,40
5201807,38
5201807,29
10400032,25
5201807,18
10400032,82
10400032,66
5201998,29
5202240,33
10400032,31
5202241,40
10400032,14
5202241,39
5202243,39
10400032,18
5202243,40
5202243,38
10400059,39
5202270,39
5202270,40
10400059,40
5202639,40
5202639,81
10400104,57
5202639,39
5202690,57
10400104,29
5202690,93
10400104,78
5202690,29
5202690,89
10400104,34
5202690,78
5202690,34
10400104,19
5202716,29
5202716,57
5202716,34
5202716,36
5202716,78
5202716,33
10400104,78
10500109,29
5202718,29
5202718,34
10600289,40
5204961,25
5205103,71
10600289,39
5205103,81
16300107,39
5205103,34
5205103,15
16300107,70
5205132,45
5205132,66
16300107,40
5205132,82
5205132,14
5205132,10
5205132,18
24600015,63
5205132,34
5205132,59
24900044,63
5205132,29
25000023,40
25000023,63
5205150,29
5205229,39
25000023,38
5205229,40
25100044,61
5300200,76
5300200,52
5101189,33
5300625,38
5300625,40
5300625,63
5101699,33
5300961,40
5101699,34
5300961,38
5102027,63
5301060,38
5301060,70
5102362,77
5301060,40
5301060,39
5102362,58
5301060,97
5301290,97
5102362,34
5301290,66
5301290,97
5102362,19
5301505,52
5302209,38
5102362,15
5302209,40
5102417,63
5103811,38
5302487,29
5103811,39
5303658,63
5103811,40
5401115,29
5401115,36
5104079,31
5401115,22
5401144,39
5200081,34
5401144,40
5401144,35
5200081,33
5401144,48
5401144,66
5200110,40
5401201,40
5401201,38
5200110,39
5401249,52
5200156,39
5401258,63
5200156,40
5200259,11
5200259,81
5401295,77
5200351,29
5401298,77
5200351,40
5401657,34
5200351,39
5200351,28
5402023,63
5500040,39
5500040,40
5200351,97
5501318,77
5200420,38
5501682,33
5503317,33
5200420,40
5503317,34
5200420,39
5200420,70
5200420,62
5200420,61
5503320,33
5200420,15
5200420,78
5503334,34
5503334,33
5200420,77
5503394,40
5200420,75
5503394,39
5503641,77
5200420,60
5200420,54
5503739,63
5200420,35
5200420,34
5504122,40
5504122,39
5200420,33
5600007,29
5200420,30
5600022,39
5600022,57
5200420,22
5600022,40
5600022,29
5200678,39
5600022,45
5600022,78
5200678,40
5600022,97
5600022,66
5200678,38
5600027,34
5201349,39
5600027,33
5600068,29
5600220,29
5201349,71
5201349,29
5201349,40
5600245,29
5201464,39
5600266,29
5201464,38
5600326,29
5601311,97
5701422,63
5701701,61
5701701,62
5701701,38
5701701,65
5902685,4
5701701,70
5902685,11
5701701,16
5902685,22
5902685,24
5701701,11
5902685,29
5902685,36
5701701,40
5902685,42
5902685,56
5701701,39
5902685,57
5701701,81
5902685,94
5902685,93
5902685,39
5902685,22
5902685,82
5902685,88
5902685,91
5701946,38
5902685,94
5902685,93
5701946,40
5902685,97
5902685,58
5702129,29
5902685,77
5902685,74
5702129,8
5902685,67
5702129,40
5702129,39
5902685,66
5902685,61
5702129,66
5902685,60
5902685,59
5702129,97
5902685,51
5902685,50
5902685,48
5902685,45
5902685,36
5902685,35
5702129,31
5902685,34
5902685,33
5702463,63
5902685,31
5902685,30
5902685,25
5702463,40
5902685,24
5902685,19
5702463,38
5902685,18
5902685,14
5800349,97
5902685,10
5902685,4
5800349,18
5800349,29
6000275,38
5800349,95
6000275,39
6000275,40
5800349,40
5800349,81
6000366,33
5800349,70
6000366,34
6000385,40
5800349,71
6000385,38
6000385,70
5800349,62
6000385,81
6000385,97
5800349,66
6000385,39
5800349,16
6000385,26
6000385,97
5800349,7
6000385,79
6000385,78
5800349,65
6000385,77
6000385,66
5800349,9
6000385,60
6000385,59
5800349,39
6000385,45
6000385,34
5800349,14
6000385,33
6000385,31
5800349,96
6000385,30
6000385,18
6000385,15
6000385,14
5800349,58
6000385,10
5800349,15
6000385,31
6000385,59
5800349,16
6000385,61
6000385,66
5800349,30
6000385,79
6000385,18
5800349,89
6000385,88
6000385,97
5800349,97
6000385,14
6000385,10
5800349,82
6000385,45
6000385,26
5800349,78
5800349,67
5800349,66
6102081,36
6102081,29
5800349,48
6102302,57
6102302,29
5800349,45
5800349,18
5800349,22
6102463,66
5800349,34
6102463,15
5800349,33
6102495,40
5800349,35
6102495,63
5800349,10
6102495,39
5800375,39
6102585,33
5800375,29
6102585,35
6102585,15
5800375,40
6102585,34
5800379,39
6102585,39
6102585,40
6102585,38
5800379,40
6102695,26
6102695,34
5800409,40
6102767,34
6102767,33
5800409,39
6102822,29
6102955,28
5800409,57
6102965,76
5800409,29
6102965,57
6102965,52
5800409,66
6102997,40
6102997,38
5800429,39
6102997,70
6102997,39
6103190,13
6103190,37
5800429,40
6103190,38
6103190,61
5800459,29
6103190,70
6103190,81
5800495,61
6103190,97
5800509,6
5800509,29
6103190,39
6103190,40
5800509,36
6103190,25
6103190,48
5800585,39
6103339,28
6103339,29
5800585,40
6103339,26
5800619,57
6103435,97
5800763,39
6103499,29
5800763,40
5800763,8
6103616,29
5800763,29
5800763,33
6103907,66
5800821,29
6103988,66
5801350,97
6104103,57
6104103,52
5801362,40
6104103,49
5801362,39
6104367,40
5801362,70
6104367,39
5801362,71
6104447,70
6104447,38
5801788,40
6104447,40
6104447,39
5801788,39
6104447,33
6104447,34
6104447,97
5802360,40
6104716,66
5802360,39
6105221,71
6105221,40
5802648,89
6105221,39
6105221,70
5802648,15
6105221,48
6105221,10
5802648,30
6105221,15
6105221,19
5802648,33
6105221,25
6105221,26
5802648,34
6105221,31
6105221,32
5802648,48
6105221,33
6105221,34
5802648,64
6105221,43
6105221,97
5900162,33
6105221,66
6105221,77
5900821,33
6105221,78
6105221,82
5900821,34
6106990,40
6106990,38
5900890,33
6106990,63
5900890,34
6200104,40
5900985,40
6200104,39
6200104,33
5900985,70
6200104,34
6200104,77
5900985,39
6200104,60
6200472,39
6200472,40
6200529,40
6200529,38
6200529,63
6200725,39
6200725,40
5901195,18
6200725,70
6200725,71
6200725,65
5901195,40
6200725,62
6200725,38
5901195,97
6200725,29
6200725,20
5901195,61
6200725,16
6200725,11
5901195,70
6200725,7
6200909,39
5901195,29
6200909,40
6200942,45
5901195,38
6200942,77
5901195,26
5901195,8
6201196,40
6201196,38
5901195,79
6201196,63
5902597,40
5902597,39
6201203,40
6201203,39
5902597,38
6201213,62
6201213,97
5902685,40
6201364,40
6301010,40
6201364,39
6201748,29
6201748,78
6201748,11
6201748,18
6201887,70
6301010,97
6201887,45
6201894,12
6301125,77
6201894,47
6201922,38
6301125,15
6201922,40
6201922,63
6301128,57
6202054,45
6202054,26
6301147,29
6202054,43
6202054,56
6301184,29
6202326,63
6202396,70
6202396,9
6202396,29
6301184,16
6202396,38
6202396,62
6301184,55
6202396,40
6204578,34
6301274,29
6204578,33
6207102,39
6301328,39
6207102,40
6207102,66
6301328,40
6207102,97
6301637,40
6207526,39
6301637,39
6207526,40
6300886,29
6301804,29
6300899,29
6302155,40
6300911,39
6300911,40
6302155,37
6300911,33
6302155,39
6302155,38
6300930,29
6302382,38
6300989,33
6301010,39
6302382,40
6302382,39
6302382,20
6302382,29
6302409,77
6302469,33
6302630,29
6302840,29
6501956,70
6303646,20
6501956,40
6501956,39
6303646,38
6502229,40
6502229,39
6303646,40
6303646,39
6503227,57
6503325,29
6303739,39
6503325,36
6303739,40
6503481,34
6503481,15
6400001,40
6503800,33
6503800,34
6400001,70
6503800,19
6400001,39
6400001,10
6400001,19
6504341,97
6400001,14
6504644,29
6400004,57
6505306,29
6505963,38
6400069,81
6505963,40
6506270,40
6506270,38
6400069,76
6506365,39
6506365,40
6400069,57
6506369,40
6506379,34
6400069,52
6506379,33
6400069,29
6506767,63
6400069,15
6506767,40
6506767,38
6400069,34
6506939,70
6400069,48
6506939,29
6506939,38
6400069,77
6506939,62
6506939,39
6400069,58
6506939,40
6400277,31
6600262,7
6600262,62
6400277,18
6600262,38
6600262,70
6400277,97
6600262,40
6600262,39
6400297,39
6600262,16
6600526,62
6400297,40
6400318,29
6601697,40
6400319,29
6601697,38
6601697,39
6400322,83
6700401,29
6400327,29
6700415,29
6400445,40
6700426,39
6400445,39
6700426,40
6400451,57
6400619,34
6700433,61
6700433,22
6400828,63
6700433,93
6700433,25
6400839,36
6700433,61
6700462,57
6400839,29
6700467,39
6400839,36
6700467,57
6700467,40
6700467,29
6400874,70
6700467,34
6700467,33
6400874,40
6700467,78
6700467,97
6400874,39
6700513,39
6400874,38
6700513,70
6700513,63
6700513,57
6700513,40
6400874,31
6700513,66
6700513,78
6400874,66
6700513,31
6700513,19
6400874,77
6700516,34
6700536,37
6400874,97
6700536,38
6700536,61
6700536,39
6700536,40
6700536,18
6400874,34
6700570,29
6700608,34
6400895,39
6700608,33
6400895,40
6700632,39
6700632,40
6400928,29
6700632,97
6700632,66
6400928,97
6700632,26
6400957,16
6400957,29
6700642,40
6700642,39
6400998,29
6700642,31
6401001,29
6700653,71
6401008,29
6700653,40
6700653,57
6401008,57
6700653,39
6401008,70
6401008,39
6700683,29
6401008,40
6700694,26
6700694,33
6401008,16
6700694,34
6401008,97
6700746,39
6401009,70
6700746,40
6401009,40
6702046,29
6401009,39
6702151,34
6702686,40
6401061,63
6702686,39
6702686,59
6401061,81
6702686,82
6702736,34
6401061,62
6802150,39
6401061,39
6802150,40
6802152,36
6401061,40
6401061,70
6401519,70
6802181,39
6802181,40
6802238,40
6401519,40
6802238,39
6802238,70
6401519,39
6802238,71
6802263,78
6401622,39
6802263,34
6802263,33
6401622,40
6802267,36
6802267,29
6401643,57
6802267,22
6802267,6
6402078,29
6402235,21
6402706,40
6402706,81
6402706,57
6402706,38
6802267,64
6402706,31
6402706,97
6802285,39
6402706,78
6802285,40
6802298,40
6402706,15
6802298,38
6802298,81
6402706,66
6802298,78
6403649,40
6802339,33
6802339,34
6403649,39
6802385,16
6802385,40
6501113,63
6802385,39
6802385,29
6802396,29
6501929,62
6802412,38
6802412,40
6802412,39
6501929,52
6802412,70
6501929,18
6802437,33
7002893,18
6802449,40
6802449,39
6802467,77
6802467,34
6802467,33
6802505,39
7002964,40
7002964,39
6802505,7
7100049,71
6802505,53
6802505,40
7100049,40
6802505,22
6802518,57
7100049,39
6802657,40
7100049,97
6802657,39
6802726,39
7100049,81
6802726,40
6802726,38
7100049,70
6802899,38
7100049,38
6802899,40
6802932,57
7100049,31
7100049,28
6803107,29
7100049,11
7100049,48
6803147,40
6803147,39
7100079,29
6803634,33
7100099,34
7100121,63
6803638,78
7100121,70
7100121,40
7100121,39
6804213,40
7100121,81
6804213,39
7100121,38
6804264,63
6804265,63
7100121,71
6900013,39
7100701,40
6900013,40
6900013,95
6900013,70
7100701,39
6900013,71
6900013,66
7201097,29
6900013,28
7000436,40
7201097,78
7000436,33
7000436,34
7201205,39
7000436,60
7201205,40
7000482,34
7000482,33
7201205,38
7201328,40
7201328,29
7000540,40
7000540,39
7201328,39
7000618,29
7201328,15
7000636,29
7201450,39
7000699,39
7000699,40
7201450,40
7000699,38
7000745,40
7201479,29
7000745,39
7000745,79
7000761,70
7201482,63
7000761,71
7000761,39
7201508,40
7000761,40
7000762,29
7201508,39
7000771,29
7000771,78
7201539,33
7000853,39
7000853,40
7201656,39
7000861,39
7000861,40
7000874,62
7000874,40
7000874,39
7000874,70
7000874,38
7001004,38
7201656,40
7001004,70
7001004,40
7201656,97
7001004,39
7001045,40
7201656,34
7001045,39
7001045,34
7201656,31
7001045,33
7001045,77
7201656,33
7001050,33
7202099,34
7001055,57
7001055,39
7202099,31
7001055,29
7001055,40
7202099,33
7001055,48
7001610,29
7203207,39
7001779,40
7001779,39
7203207,40
7001779,29
7001779,63
7203654,38
7002309,63
7002309,40
7203654,40
7002309,39
7204930,40
7002546,73
7204930,39
7002546,40
7002546,39
7205805,40
7002546,80
7002546,57
7205805,38
7002546,70
7002546,71
7402241,40
7002546,25
7002546,77
7402241,70
7002546,34
7002546,66
7402241,39
7002893,66
7002893,79
7402253,70
7002893,97
7402253,40
7402253,39
7402258,38
7402258,40
7402278,70
7402278,40
7402278,39
7402278,28
22100006,71
7402281,39
22100006,70
22100006,81
7402281,70
22100006,39
22100006,40
7402281,81
22100006,61
22100013,28
7402281,40
22100013,40
22100013,39
7402282,94
22100015,11
22100015,70
7402283,81
22100015,39
22100015,40
7402355,38
22100015,28
22200009,95
7402355,40
22200013,31
10000006,29
22200016,66
10000010,29
22200016,71
22200016,70
22200016,39
10000043,34
22200016,40
22200016,95
10000043,33
22200016,13
22200016,28
10000316,29
22200020,29
10000316,4
10000503,33
22200044,16
10000503,26
22200044,70
22200044,29
10000547,66
22200044,40
22200044,71
22200044,39
10000670,40
5100494,39
10000670,39
5100494,40
10000680,63
5101253,45
5101253,18
10000690,40
5101524,40
5101524,39
10000690,38
10000690,39
10001744,40
5104640,26
5104640,66
10001744,39
5104640,97
5104640,31
10002269,57
10002273,33
5200096,63
10003836,29
10004249,36
5200256,29
10004249,29
5200265,29
10005151,63
5200682,11
10300065,40
5200682,97
5200682,79
5200682,14
10300065,39
5200682,31
5200721,38
10300110,34
5200721,40
10300110,57
5201262,57
5201277,29
10400094,48
5201541,29
10400106,40
5201789,70
5201789,81
10400106,39
5201789,38
5201789,66
10500024,38
5201789,40
5201789,39
10500024,63
10500024,40
16400362,38
5202306,29
16400362,40
16400362,63
5202397,29
16400362,14
5202554,26
18200036,26
18200036,97
5202662,29
5202680,34
18200036,79
5202680,89
5202680,33
18200036,66
5202680,57
18200036,31
18300005,38
5202772,26
18300005,70
5202772,18
18300005,39
5205286,29
18300005,40
5205417,11
5205987,40
22100006,38
5205987,63
5205987,38
5206306,38
5206306,40
5206306,39
5207121,63
5300367,57
5304464,29
6501121,40
5401124,34
5401124,33
5401124,57
5401244,29
6501121,38
6501831,57
5501424,29
5600264,29
6504715,10
5600392,94
5600392,66
6506284,37
5601635,63
5601635,14
6506757,63
5701300,29
5701401,29
5701401,40
5701401,39
6507099,63
6601116,57
5702721,38
5702721,40
5702721,39
5702721,34
6700766,79
5702721,19
5800303,29
5800345,64
5800345,29
5800614,66
6700766,66
6702409,63
6000348,40
6803945,33
6000348,29
6000348,38
6000348,70
6000348,9
6000416,63
6900028,20
6002045,57
6002178,14
7001279,71
6102835,63
7001279,97
7001279,20
7001279,26
7001279,86
6301310,63
7001279,39
7001279,81
6301580,63
7001279,79
6302518,63
7001279,70
7001279,40
6302581,39
7001279,61
6302581,61
6302581,40
7003322,29
6304150,26
7003322,40
6405522,63
7003322,39
6501121,9
6501121,63
7100036,66
7100036,33
7100036,77
7100036,15
7100036,34
7100036,60
7100036,40
7100036,38
5701421,97
7100081,34
7100081,33
5702355,40
7100088,34
5702355,29
5702355,9
5702355,70
5702355,80
5702355,38
5702761,39
5702761,38
5702761,40
7100088,33
7201494,29
5800506,29
7205910,29
5801105,36
5801105,29
5802180,38
7206396,11
5802180,40
5802180,39
5802180,29
7206396,26
5802180,20
7206396,72
7206396,97
5900018,57
7206396,79
7206396,77
6000324,66
7206396,66
7206396,31
6107527,62
6107527,57
7206396,15
6107527,97
6107527,94
7206418,29
6107527,90
6107527,10
7206418,77
6107527,66
6107527,82
7206418,34
6107527,18
6107527,22
7206418,15
6107527,25
6107527,31
7206418,33
6107527,14
6107527,48
10000689,29
6107527,61
10000711,29
10001801,70
6207853,81
10001801,40
6207853,39
6207853,70
10001801,39
6207853,40
10001801,38
6207853,71
6207853,63
10003902,40
6207853,18
10003902,63
6207853,14
6207853,97
10003902,38
6207853,66
6207853,61
10004204,29
6207853,59
6207853,27
10007319,63
6304244,39
6304244,40
10100040,29
6304262,63
10600720,29
10700275,57
6401149,33
12600109,29
6401149,34
6401149,77
16500087,14
16500087,27
6404189,33
16500087,61
6404835,39
25000022,63
6404835,40
6405523,63
25000022,72
25200001,39
6503451,29
25200001,40
6509350,21
6509507,38
6509507,63
6509507,40
6601016,29
25200001,70
6602094,36
6602094,29
5105788,39
6702080,29
5105788,29
5105788,40
6802361,76
6803104,29
5105788,63
6804076,40
5105788,57
6804076,39
6804665,38
5105788,81
6804665,63
6804665,40
5105788,71
6806388,78
5105788,45
6806388,38
6806388,40
5105788,82
6806388,63
5105788,78
5105788,66
7000672,29
5105788,34
7000704,29
7100060,60
5105788,25
7100060,34
7100060,77
5105788,97
7100060,33
7100063,63
5105788,66
5201004,17
5202636,57
7100070,63
5301825,34
7201312,29
5301825,33
7201774,38
5302774,40
7201774,40
5302774,39
5302775,34
5302864,33
5302864,34
7204239,11
7204397,29
5303642,66
10000972,18
10002271,33
5303642,11
10002271,15
10002271,77
5303657,33
10002271,34
5303657,77
5303657,34
5500062,33
10007479,29
10300128,28
5500062,34
5701421,29
10300176,40
5701421,39
10300176,38
10300176,63
5701421,8
5701421,97
10400075,40
5701421,28
10400075,39
10400395,57
5701421,62
12200020,63
5701421,38
16500006,29
18200148,40
5701421,40
18200148,39
5701421,26
5701421,14
5701421,31
5102308,63
5701421,79
5801081,70
5800791,71
5800791,63
6201724,11
6304271,63
6302514,18
6400876,63
6302525,63
6400876,40
6506763,40
6506763,38
6400876,38
6506763,63
6804810,63
6900224,40
6900224,38
6900224,63
16200058,71
5101157,29
5101264,29
18300603,63
5105241,61
5105839,40
5105839,39
5202263,29
5207519,39
5207519,40
5207519,29
5207519,33
5207519,34
5301659,29
6900014,70
6900014,40
5500104,33
6900014,39
5500104,34
5501580,39
7000488,29
5501580,40
5514051,39
7000662,38
7000662,40
5514051,40
7000662,63
5515506,63
5702454,29
7000849,28
5702854,29
5702992,40
5702992,39
5702992,38
7001060,29
7001103,97
5702992,29
7001174,57
5702992,8
5702999,64
5702999,39
7001242,34
7001242,33
5702999,40
5702999,29
7001757,33
5801325,29
7001757,34
7001926,33
5803187,29
7001926,34
5803187,39
5803187,40
5803187,38
7003161,34
5803829,14
7003161,15
7003161,25
7003161,33
5803829,48
5804078,29
7003188,22
6001793,29
7003839,97
7003839,18
7004138,40
7004138,70
7004138,39
7206918,29
7403734,39
7403734,40
7404300,39
7404300,40
7404300,70
7404300,38
7404300,20
6206498,63
10100131,63
10400332,57
10600538,39
10600538,40
10600538,57
18300685,38
18300685,40
18300685,11
18300685,29
6207572,40
18300685,63
25200084,40
25200084,39
6207572,39
25400001,29
28300009,39
6207572,29
28300009,40
28300009,33
6207572,71
28300009,34
6207572,70
6207572,88
6303878,63
5202525,71
5202525,40
6304534,18
5202525,39
5207267,15
6502601,94
5208150,97
5301607,40
5301607,38
6503834,29
5301607,63
5304834,39
6802588,97
5304834,40
5305552,33
6802588,77
5305768,29
6802588,60
6802588,34
6802588,33
5401425,29
6802588,15
6803676,33
6803711,63
5601778,63
6803985,57
5702038,40
5702038,38
5702038,39
7002313,35
5702843,63
7003529,63
5801240,80
5801240,9
7003600,29
5801240,29
5801240,81
5801443,57
5802301,39
7207394,63
5802301,40
7406008,15
7406008,34
5802394,64
5802394,29
7406008,33
6104980,40
6104980,39
7406008,31
7406008,78
7406188,78
10000692,29
6208086,39
6208086,40
10400392,40
10400392,38
6300931,40
6300931,39
10400392,39
6300931,29
10600822,39
6302158,13
10600822,40
22300001,40
6305094,9
6305094,29
6305094,38
22300001,39
6305094,46
6305094,40
5106416,11
6305094,11
6305121,29
5205784,30
6401104,31
5207883,11
6404038,33
5401044,33
6404837,38
6404837,81
5500729,52
6404837,20
6404837,11
6404837,70
5501557,29
6404837,39
6404837,40
5703186,40
6409429,33
5703186,46
5703186,39
6805963,39
5902924,63
6805963,40
6104169,39
6806911,31
6806911,97
6104169,57
6806911,11
6104169,40
7000045,80
6301068,38
7000045,73
6301068,40
7001955,33
6303238,57
6304890,21
7002134,29
6401122,63
7004361,8
7004361,34
7004361,33
6401122,40
7004361,19
6401122,38
6404706,63
7201944,29
6404706,83
6405412,29
6405412,40
6405412,70
10400549,63
6405412,81
6405412,39
28100042,81
28100042,40
6406623,63
28100042,39
28100042,70
6406645,63
6501518,29
6502906,40
6502906,29
53800065,22
6502906,39
6506477,97
6512368,28
6512368,70
57200422,57
6512368,40
58700070,57
6512368,39
6702162,29
5503449,34
5106806,11
5207886,11
5515787,29
5703565,11
7004143,11
5601749,81
5601749,40
10007189,63
5601749,39
5601749,70
10009007,11
6103703,39
10009007,77
10009007,31
10009007,97
6103703,36
10009007,79
10009007,66
6103703,40
6104102,29
22100371,63
6305566,29
5106008,63
6410379,57
5202322,70
5202322,29
6410379,40
5208848,70
5208848,40
6410379,39
5208848,38
5208848,63
6410379,9
5208848,81
5209347,9
5209347,40
6410379,68
5209347,39
5209347,97
5209347,70
6410379,29
6410379,34
6503192,57
6506220,57
5503774,29
6605262,29
7201264,29
10000626,83
5602391,40
5703027,33
10005940,63
5703027,34
5800431,63
5800431,38
10010029,39
5800431,40
10010029,40
10500263,29
5800490,8
10700539,33
6003394,66
6003394,97
6003394,26
16400309,45
6003394,79
6003394,31
52203031,11
6107561,21
6107561,57
52204022,11
6107973,29
57900511,33
6108628,33
6109146,29
57900511,34
6109146,39
6109146,40
5201914,70
6109146,34
6109146,97
5201914,29
6109203,80
6200525,21
5201914,40
6201497,14
5201914,9
5201914,38
6204550,67
5207200,29
5600251,29
6304981,40
5601473,33
6304981,39
5601473,34
6305026,81
5602301,29
6305026,40
6305026,39
5804127,40
6407117,70
5804127,38
6407117,81
6407117,39
6003649,38
6407117,40
6003649,40
6104570,94
6501864,57
6107420,63
6107420,40
6503421,29
6107420,38
6513201,40
6513201,39
6107420,78
6513201,70
6107420,37
6107420,45
6601143,34
6601143,33
6107420,15
6703165,77
6107516,57
6703165,34
6703165,15
6109984,57
6806581,40
6806581,29
6110901,40
6806581,8
6806581,11
6806581,39
6110901,38
6110901,81
7001555,33
6112084,78
6112084,19
7201381,29
7201557,29
6112084,78
7201807,29
6112084,78
7204429,29
7204566,29
6112084,29
7205126,29
6112329,29
7205679,29
6112348,34
7205819,29
6208313,70
6208313,40
7208217,40
7208217,39
6208313,39
7300161,63
6208313,81
6208533,40
6208533,63
6208533,38
10001762,45
10009453,38
6303901,63
10009453,40
10400095,29
6305096,63
22100284,63
22100284,40
6306369,63
22100284,38
50100814,57
6401333,80
55500063,11
6402472,57
6402472,49
56101541,40
56101541,39
6410873,29
6410873,40
57201662,60
6410873,39
57201662,15
6410873,24
57201662,33
57201662,34
6410873,24
57201662,77
6508798,56
6512989,9
6802864,29
57201663,33
57201663,77
6806838,57
57201663,60
57201663,34
57201663,15
7000516,33
57201665,31
57201665,97
7000516,34
57201666,34
57201666,33
7001325,57
57201678,97
7003454,33
7300220,63
5104188,29
5402664,66
7408313,57
5503449,77
10400114,29
5503449,33
10400185,35
52100705,33
52100705,34
6900568,66
52201258,11
52203424,11
57100136,33
6900568,59
57100136,34
6900568,28
6900568,13
57100394,33
57100394,34
7001322,57
57100394,19
7003109,57
57100394,15
57100394,77
7003917,57
57200925,11
57400176,33
7101355,73
7101355,18
7101355,79
7101355,62
7101355,14
57400176,34
7101355,13
7101355,11
7101355,86
7101355,87
6506873,57
7101355,95
7101355,40
7101355,39
7101355,97
7101355,81
6700187,60
7101355,80
7101355,66
7101355,71
6705769,29
7101355,70
7101355,28
6900568,62
7101834,34
7101834,33
6900568,95
7101835,34
6900568,40
6900568,39
7408607,33
6900568,97
10010929,40
10010929,38
6900568,70
6900568,71
10011166,40
10001289,57
10011166,38
18300758,15
18300758,26
10001289,31
18300758,97
18300758,31
10001289,31
18300758,34
18300758,18
16300262,33
18300758,77
18300758,61
18300758,14
18300758,60
18300758,66
51900162,33
18300758,79
18300758,33
51900162,34
52203418,11
40000003,70
40000003,95
53501379,39
40000003,39
40000003,28
53501379,40
40000003,13
55500419,11
40000003,40
40000024,39
40000024,70
40000024,28
55500459,11
40000024,40
50100901,11
55602655,11
52600568,57
52901536,11
56700330,33
52902739,11
56700330,34
57400015,33
52904512,77
52904512,33
57400154,34
52904512,34
53501304,40
53501304,57
57400154,33
53501304,39
57400619,34
54401162,11
57400619,33
5106523,63
5106523,40
5106523,38
55603721,39
5106523,61
55603721,40
5106523,18
55901955,11
5106528,15
56300083,33
5106528,77
5106562,61
56300300,77
5106562,31
56900327,33
5105624,29
5106562,15
5106517,63
5106562,72
5106524,63
5106562,26
5106524,38
5106562,97
5106524,40
5106534,63
5106562,79
5106534,40
5106534,38
5106562,77
5202771,57
5106562,66
5306064,63
5106868,70
5106868,38
5106868,40
5516045,29
5205968,33
5517386,70
5205968,34
5517386,38
5517386,40
5206248,79
5601686,39
5601686,40
5601686,38
5206248,26
5602647,29
5206248,31
5701668,57
5206248,66
5804239,71
5206248,97
5211406,63
5304876,38
6001935,34
5304876,40
5304876,63
6102720,29
5403160,40
6110007,29
6111084,38
6111084,40
6205653,57
5403160,38
5503096,80
6207160,63
6107855,57
6202135,57
6300757,59
6207145,97
6306193,38
6207145,78
6306193,40
6207145,66
6503168,57
6207145,59
6207145,45
6207145,31
5107182,29
6207145,18
6207145,4
6304401,29
6506167,80
6506167,73
6606318,63
5602390,40
6606318,38
5602390,38
6606318,40
6802243,31
6802243,97
5804760,31
5804760,97
6810004,29
6900563,95
5905393,39
5905393,40
6900563,71
6110636,33
6110636,15
6900563,40
6110636,77
6110636,34
6900563,66
6900563,28
6900563,16
6900563,62
6305254,9
6305254,46
6900563,11
6411266,57
6900563,70
6411266,29
6900563,81
6900563,97
6900563,39
7300368,40
7001323,57
7300368,70
7300368,71
7300368,11
7300368,39
7204113,29
9000285,57
9000289,39
9000289,70
9000289,40
56400691,11
10011584,38
10011584,70
57700219,11
10011584,40
10011933,29
57908818,40
57908818,39
10600414,29
58700532,33
58700532,34
51900456,33
58701531,33
5100028,63
52204660,11
5106614,40
52800276,11
5106614,70
5106614,38
52901332,11
52902705,11
5208343,63
52903803,11
5208455,29
52903857,11
5209637,70
5209637,8
52904052,11
5209637,9
5209637,40
52904384,34
5209637,38
52904384,33
5211709,97
53502428,39
5211709,26
5211709,59
5211709,45
53502428,40
5211709,31
5211709,79
53700605,11
5303020,34
54200292,33
5305803,63
54200292,34
5307194,29
5425674,38
54200985,33
5425674,40
54200985,34
54200986,33
54200986,34
5517250,34
55500171,11
5517250,33
5518409,39
55500215,11
5518409,40
5518409,34
55601962,77
5518409,33
55601962,60
5602623,40
55601962,33
5602623,38
55601962,34
5602623,70
5602623,97
55602148,11
5602623,66
5602623,79
56400655,11
5602623,31
5704418,26
5704418,31
5202330,34
5704418,66
5704418,97
5704418,72
5208602,40
6112328,34
5208602,70
6112328,33
5208602,38
5210984,97
6112773,38
6112773,40
5210984,31
6201762,40
6201762,39
5210984,66
6202416,73
6202416,80
5212012,11
6306563,61
6400053,55
6404176,29
5300005,34
6411881,57
5300005,33
5305929,33
5305929,60
5305929,34
6700018,60
5306883,33
6701390,60
5306883,34
5306883,77
5518021,63
7005038,40
7005038,39
5518328,11
7005038,31
7005038,34
5519635,11
7005525,40
7005525,39
7005525,81
5519671,11
7005525,62
7005525,70
5804966,57
7408854,57
6105210,11
7408854,49
6208760,40
6208760,38
52201439,11
6308843,39
6308843,40
52700280,97
52900432,97
6308995,11
52900432,31
6309839,40
52900831,33
6309839,63
52901266,33
52901266,34
6309839,38
6411409,11
6515526,40
52901614,11
6515526,63
52903310,18
6515526,39
52903464,34
52903464,33
6603592,63
52903492,31
52903492,97
6803631,57
52903637,33
52903637,34
6803889,57
6803889,33
52903741,11
7001320,57
52903809,11
52904354,34
7002628,57
7003152,57
7004766,15
54000917,34
7005848,15
54000917,33
54201345,34
7403939,57
54201345,33
55500458,11
10003791,33
56100002,34
56100002,33
10003791,77
56100400,33
56100667,33
10003791,34
10008117,11
10013142,39
10013142,40
3300469,56
3300469,70
3300469,39
3300469,57
10013144,34
3300469,93
3300469,81
10400570,11
3300469,40
3300469,25
50100090,11
3300469,26
3300469,30
50100253,11
3300469,18
3300469,33
3300469,34
50100354,11
3300469,77
3300469,61
3300469,60
5200856,11
5201174,11
5202151,11
5202315,11
5202330,33
50100575,11
50100576,11
50100584,11
50100644,11
50100659,11
50100743,11
50200010,11
52501135,34
52501135,33
50200146,11
50800333,11
52600343,11
51000028,11
51000067,11
52800030,11
51000068,11
51000149,63
52800165,11
51000149,11
51000230,11
51200228,11
52900031,11
52900033,11
51200398,11
52900217,11
51400047,11
52900226,11
52900281,11
51401146,33
52900549,11
52900577,11
51600103,11
52900706,11
51600206,57
52900719,11
51800173,11
52900746,11
52900751,11
51800202,11
52900799,11
51800332,11
52900919,11
52901025,11
52200027,11
52901153,11
52200753,11
52901231,11
52901276,11
52200767,11
52901377,11
52201219,11
52901489,11
52901515,11
52201268,11
52901610,11
52201288,11
52901616,11
52201315,11
52901675,11
52901684,11
52201329,11
52901731,11
52901771,11
52201334,11
52901867,11
52901878,11
52201349,11
52901895,11
52901999,11
52201351,11
52902050,11
52902050,63
52201727,11
52902057,11
52201943,11
52202451,11
52902065,11
52902128,11
52202456,11
52902141,11
52202466,11
52902143,11
52202585,11
52902245,11
52902265,11
52902286,11
52902310,11
52202591,11
52902347,11
52902360,11
52202748,11
52902371,11
52203196,11
52902416,11
52902481,11
52203223,11
52902492,11
52203636,11
52203989,11
52902496,11
52902517,11
52204018,11
52902578,11
52204162,11
52902589,11
52902590,11
52902592,11
52204653,11
52902594,11
52902706,11
52902708,11
52902712,11
52204800,11
52902734,11
52902774,11
52902810,63
52204820,11
52902810,11
52902812,11
52902813,11
52204897,11
52902842,11
52902918,11
52902925,11
52204941,11
52902949,11
52902997,11
52205198,11
52903121,11
52903123,11
52903132,11
52903135,11
52205413,11
52903136,11
52205533,11
52903142,11
52903144,11
52903170,11
52216049,11
52903294,11
52903307,11
52216290,11
52903311,11
52903402,11
52216370,11
52903410,11
52903454,11
52903724,11
52400446,11
52903736,11
52903755,11
52903781,11
52400919,11
52903791,11
52903875,11
52903952,11
52500378,11
52904022,11
52904060,11
52904061,11
52501122,33
52904125,11
52904147,11
52501122,34
52904147,63
52904150,11
53501396,29
52904165,11
52904271,11
52904340,11
53501847,11
52905053,11
53200196,11
53501904,11
53502545,31
53500214,11
53502545,97
53500275,11
53502861,11
53502974,11
53500417,11
53500599,11
53502996,11
53500677,11
53504657,11
53501019,11
53600161,11
53501141,11
53600674,11
53501146,11
53501211,11
53501216,33
53501216,15
53501216,34
53501291,11
53700018,11
53700604,11
53700604,63
53700722,11
58100457,11
54000372,11
54000863,56
54000863,57
58500927,11
54400466,11
58501825,11
54400640,11
54400843,11
58502002,11
54401754,77
58502486,11
58502762,11
54401754,34
58502893,11
54401754,33
54401754,57
54401867,33
54600161,11
58600072,63
58600072,11
54900242,11
58600167,11
54900308,11
54902461,11
58600184,11
58600274,11
54902469,11
58600345,11
55000837,11
55000956,11
58600371,11
58600460,11
55001079,11
58600522,11
58700712,11
55001519,11
58900014,11
55001929,11
58900416,11
59100019,11
55002279,11
52902083,11
3012591,15
55100094,11
3012591,77
3300377,39
55100100,11
3300377,38
3300377,40
55100100,63
3800279,97
3800279,31
55100276,11
55100290,11
55100341,11
5201153,11
5208477,63
55100351,11
5212326,29
55300051,11
55300055,11
55301525,11
55301640,11
6114519,7
55301980,11
6114519,32
55302009,11
55302247,11
6303394,57
55302415,11
55302429,11
6309036,97
6309036,31
55302590,11
6309036,45
6309036,59
55400200,11
6309036,79
55500119,11
55600088,11
6412416,40
55600517,11
6412416,39
55600522,11
6705866,97
55600523,11
6705866,77
6705866,31
55601015,11
6810106,31
6810106,97
55601181,11
6810106,45
6810106,79
6810589,15
6810589,77
55601354,11
55601402,11
55601410,11
7003904,57
55601806,11
55601815,11
7006416,8
55601829,11
7209984,11
55601934,11
55602044,11
10013356,29
55602062,34
55602062,15
10013635,63
10600939,57
55602062,33
22200498,40
55602152,11
22200498,97
22200498,81
22200498,70
55602152,77
22200498,59
22200498,38
55602152,15
50100313,11
55602241,11
55602365,11
55602981,11
50100339,11
50800269,11
55602988,11
51000066,11
55603001,11
51100137,11
51200281,11
55603514,11
51200589,11
51600004,11
55603715,11
52203097,11
55603784,11
52203955,11
55614993,11
52204699,11
55900577,11
52206482,11
52215635,11
55900840,11
56401304,33
52400923,11
56403525,11
56700320,33
52600579,11
52900122,11
56700320,34
56700660,11
56700761,11
52900832,11
56800007,11
52901415,11
52901613,63
56900178,11
52901613,11
57000598,11
52901620,11
57100135,11
52901980,11
52902101,11
57200007,11
52902742,11
57200334,11
52903990,11
57201309,11
52904042,11
52904209,11
57201395,11
53100066,67
53100349,33
57201415,11
53100349,34
53500450,11
57202349,11
53500649,11
57600151,11
53500728,11
53800596,11
57600352,11
54100002,11
57900028,11
54401496,11
57900098,11
55000570,11
55500236,11
57900148,11
55600689,63
57900192,11
55600689,11
55603184,11
57900544,11
55900764,19
55900764,15
57900586,11
55900764,77
55901990,11
57902533,11
56700301,11
58000349,11
58000475,11
58000767,11
58000476,11
58501385,11
58900008,11
58900601,11
58500277,40
58500277,39
58000560,11
52201736,11
54000801,11
58001223,11
58100128,11
58100446,11
9069904,30
9069904,57
3301532,40
9069904,52
3201408,39
3201408,40
3301532,39
55301033,97
55301033,31
9069932,82
9069932,57
9069905,52
56900369,33
9077801,83
9076401,77
9077801,97
9077801,10
9076401,34
9077801,14
9077801,18
9076401,15
9077801,26
9077801,31
9073802,15
9077801,45
9077801,59
9073802,19
9077801,61
9077801,66
9073802,33
9077801,79
9077801,72
9073802,34
9073101,19
9073101,15
9073802,60
9073101,58
9073101,77
9073802,77
9073101,60
9073101,34
40000290,40
9073101,33
40000290,39
9071301,97
9071301,34
3801009,40
9071301,77
55301388,33
3801009,39
55301388,34
55602604,34
7004925,38
55602604,33
9079201,83
9079201,33
7004925,40
9079201,30
9079201,25
6520960,40
9079201,19
9079201,15
6520960,39
9079201,48
9079201,97
9079201,82
3012743,40
9079201,77
9079201,66
9079201,59
3012743,39
9079201,45
50100066,34
9079201,34
6511103,57
52903463,33
57400055,33
10006429,29
58600811,33
58501549,33
3012705,71
5805937,18
3012705,40
5805937,9
3012705,39
3012705,11
51800377,11
9069938,57
52902521,11
9000364,39
9000364,40
52902502,11
10012929,38
55603455,34
55603455,33
10012929,40
55603455,77
9069902,56
9069902,57
52902993,11
10012822,15
10012822,77
3701359,63
6113980,40
5200936,70
6113980,38
54400758,40
9078001,77
54400758,39
9078001,34
9078001,72
9069927,18
9078001,26
9078001,31
9069927,15
9078001,61
9078001,66
9069927,39
9078001,79
9078001,97
9069927,81
9078601,97
9069927,56
9078601,77
9078601,34
9069927,40
9078601,31
9078601,72
9069927,57
9078601,31
9078601,79
7101932,40
9078601,66
9078601,61
7101932,39
9078601,97
53500288,57
6410871,66
6410871,97
6410871,78
9072701,97
6410871,77
9072701,79
9072701,31
6410871,34
6410871,24
57900108,33
52901215,11
6410871,39
9069941,52
6410871,70
9069941,57
6410871,40
58601079,33
58700447,34
58700447,33
40000207,33
40000207,34
58501547,33
55602063,33
9070601,97
6804339,57
9070601,77
55603725,33
9070601,15
9073403,97
9073403,79
9070601,34
9073403,77
9073403,66
9070601,33
9073403,61
9073403,60
9070601,66
9073403,34
9073403,33
5906068,70
9073403,31
9073403,26
53502429,57
50100111,33
50100111,34
9073403,18
6702475,34
9073403,15
50100110,34
9073403,14
50100110,33
50100110,57
55301820,11
9069912,30
9069912,52
6511727,57
9069922,57
57700166,11
51700029,33
56300825,77
9073501,77
51700029,34
9073501,34
9079001,66
9074402,34
9079001,79
9074402,77
9079001,97
9074402,97
9074402,31
9079001,14
9074402,15
9074402,33
9079001,18
9077402,34
9077402,15
9079001,32
55301450,34
52201410,11
55301450,33
52902052,11
55301450,77
52201140,11
53800504,34
54500401,11
53800504,33
54500279,11
9069903,30
52100474,11
55600745,11
9069903,45
56401282,11
5519960,11
52901611,11
9069903,52
55600207,11
52903711,11
9069903,57
9076602,77
9076602,33
9076602,15
9076602,34
55603817,11
9077801,34
9077801,33
52902919,11
9077801,15
55002205,11
9077801,60
53503901,11
9077801,77
52905018,11
9078304,77
52900126,11
52901305,11
6103240,29
9077804,77
53501717,11
55614826,11
9077804,79
9077804,15
53502871,11
52205723,11
9077804,19
52903426,11
9077804,34
52901988,11
9077804,45
9077804,83
52902211,11
9077804,97
52902247,11
52901419,11
9077804,48
9077804,59
52902743,11
9077804,60
54401000,11
9077804,10
54401684,11
9077804,82
52205286,11
9077804,25
52905032,11
52901240,11
9077804,30
52204704,11
3302330,11
52901856,11
9077804,31
52903137,11
56401128,11
9077804,33
55603842,11
9079501,77
9079501,33
52204603,11
52204603,63
9079501,34
52202924,11
9079501,66
9079501,15
52201642,11
9079501,83
57902841,11
9079501,97
9079501,30
50100725,11
55602601,29
54500463,11
50300467,11
50300243,11
53503228,33
53503228,34
9069910,82
53800570,11
9069910,52
50300007,11
9069933,31
9069933,97
54901359,11
55600800,34
55600800,33
58503339,11
54000543,11
54000149,11
55600800,77
56301067,11
55600800,45
54100022,11
9069929,57
55603856,33
55603856,34
9069914,82
52202478,11
9069915,52
9070604,97
9070604,79
6807562,11
9070604,15
57100568,11
9070604,18
59700567,11
9070604,31
9070604,33
9070604,34
54900781,11
9070604,60
55302149,11
9070604,61
9070604,77
55301404,11
56700494,33
55601416,77
56400614,11
55601416,34
55601416,33
9076901,15
9076901,60
6405204,29
9076901,66
9076901,77
9076901,97
5518843,45
9076901,79
5518843,79
5518843,59
9076901,34
5518843,31
5518843,97
9076901,33
9076901,31
9069939,31
9069939,15
7407264,57
9069939,82
9069939,97
9069939,57
9069939,52
9069918,57
9069909,57
6807289,46
9075101,34
9075101,33
9075101,15
9075101,77
59760220,11
9075101,83
9075101,31
6203962,80
9078301,34
9075101,97
9078301,33
9078301,31
9078301,30
9078301,25
9078301,19
9075101,26
9078301,18
9078301,15
9075101,79
9078301,97
9078301,83
9075101,66
9078301,79
9078301,77
9075101,61
9078301,48
9073303,18
9075101,45
9073303,34
9073303,83
53800603,77
9073303,19
9073303,15
9073002,97
9073002,34
9073002,35
9073002,77
46900010,57
9074403,15
9074403,77
9079401,77
9074403,66
9074403,34
9079401,33
9074403,97
9074403,79
9079401,15
9074403,33
9074403,31
9079401,83
9074403,18
9079401,60
9079401,34
9074403,97
58800183,34
9074403,66
9074403,61
58800183,77
9074403,79
9074403,31
55301446,34
9074901,34
55301446,33
9074901,77
9074901,83
9076204,34
9074901,15
9074901,33
9076204,61
9074901,15
9074901,31
9076204,31
9074901,45
9074901,61
9076204,66
9074901,66
9074901,77
9076204,79
9074901,79
9074901,97
9076204,97
9074901,17
9074401,34
9076204,26
9074401,31
9074401,97
9076204,17
9078304,15
9078304,34
9069931,97
9069931,31
9069931,57
9069931,52
52600332,33
53800472,40
9074501,31
53800472,39
9074501,97
9074501,77
9074501,26
9074501,34
9074501,33
9074501,79
9074501,15
9074501,66
9074501,61
9069913,19
9069913,34
9076202,34
9069913,57
55601331,33
55601331,34
9069916,57
9073305,33
55602485,34
55602485,33
9073305,83
55602485,15
54400333,33
9073305,19
54400333,34
54400333,77
9075401,45
9075401,83
9075401,97
9075401,82
9073305,18
9075401,77
9075401,60
9075401,59
9073305,97
9075401,48
9075401,34
9073305,34
9075401,33
9073305,15
9075401,30
9075401,25
9075903,97
9075401,19
9075401,15
9075401,10
9075903,31
9075401,26
9075401,17
9075903,66
9075401,97
9075401,79
9075903,79
9075401,66
9075401,61
6406625,63
9075401,45
9075401,31
9077701,77
5704915,28
9078401,15
9078401,77
9077701,15
9078401,33
9078401,34
9077701,33
9077701,34
9073301,15
9073304,15
9073301,77
9073301,33
9073304,60
9073301,34
9073304,33
9073304,34
9072902,15
9072902,77
9073304,77
9072902,34
9072902,33
9073302,15
9073302,77
9073302,34
9070602,83
9073302,33
9070602,34
9070602,33
9078302,97
9070602,15
9070602,77
9070602,97
9078302,31
9073402,97
9073402,83
9078302,77
9073402,34
9078303,15
9078302,33
9078303,77
9078303,34
9078302,34
9078303,33
9076301,97
9078302,25
9076301,19
9078302,60
9076301,15
9076301,34
9078302,15
9076301,33
9076301,31
9078302,79
9076301,14
9076301,77
9076904,97
9076301,79
9076301,66
9076904,66
9076301,45
9073401,15
9076904,77
9073401,77
9076904,31
9073404,25
9076904,34
9073404,33
9073404,35
9076904,33
9074201,33
9074201,34
9073404,34
9073404,15
9074201,14
9073404,77
9071001,15
9074201,79
9071001,19
9071001,34
9074201,66
9071001,77
9074201,15
9074201,18
9077401,34
9077401,97
9074201,77
9077401,31
9077401,15
9074201,26
9077401,33
9077401,77
9074201,31
55603669,33
55603669,34
9078701,33
55603669,77
54201183,61
9078701,34
54200286,33
54200286,34
9079301,34
9079301,15
9078701,48
9073601,83
9078701,59
9073601,66
9078701,19
9073601,77
9073601,97
9073601,79
9073601,14
9078701,15
9073601,31
9073601,15
9078701,14
9076202,33
9076202,77
9078701,77
9078701,97
9078701,30
9078701,31
9071101,36
9070301,97
9071101,34
9070301,72
9070301,31
9070301,61
9071101,35
9071201,60
9071101,66
9071201,33
9071201,15
9071101,61
9071201,77
9071201,34
9072601,34
9071201,97
9071201,77
9072601,97
9071201,66
9071201,31
9071201,26
9072601,77
9071201,15
9071201,79
9073502,34
9073502,97
9070101,34
9073502,77
9070101,66
9070101,31
9073502,31
9070101,26
9070101,72
9073701,15
9070101,97
9070101,79
9073701,97
9070101,15
9070101,77
9073701,77
9070101,61
9071401,66
9073701,36
9071401,15
9071401,31
9073701,34
9071401,18
9071401,33
9073701,33
9071401,97
9071401,34
9073701,31
9071401,66
9071401,61
9073701,26
9071401,79
9071401,26
9073701,19
9071401,15
9071401,72
9073701,31
9071401,97
9071401,31
9073701,26
9071401,77
9077601,61
9077601,79
9073701,14
9077601,33
9077601,97
9073701,15
9077601,60
9077601,34
9073701,35
9077601,15
9077601,18
9073701,45
9077601,31
9077601,77
9073701,59
9076802,33
9076802,15
9073701,61
9076802,34
9076802,77
9073701,66
9076702,58
9076702,15
9073701,77
9076702,33
9076702,34
9073701,79
9076702,60
9076702,77
9073701,97
9077301,28
3100845,59
9077301,33
9077301,34
3100845,45
9077301,35
9077301,66
9077301,45
9077301,59
9077301,83
9077301,97
3100845,31
9077301,77
9077301,15
3100845,26
9077301,31
9070603,79
3100845,97
9070603,77
3100845,79
9070603,48
9070603,34
9075901,97
9070603,33
9070603,82
9075901,48
9070603,31
9070603,25
9075901,66
9070603,19
9070603,15
9075901,14
9070603,97
9075901,66
9072602,97
9075901,77
9072602,34
9072602,66
9075901,26
9072602,77
9071901,34
9071102,97
9075901,79
9071102,14
6900242,57
9075901,97
6303347,57
9075901,15
9076201,15
9075901,61
9076201,34
9076201,77
9075901,31
9076201,79
9076201,97
9070301,34
9076201,31
6513048,97
9070301,66
6513048,66
6513048,31
9070301,79
9075906,48
9075906,15
9075906,45
9075906,34
9075906,33
9075906,31
9075906,15
9075906,18
9075906,97
9075906,82
9075906,26
9075906,79
9075906,77
9075906,31
9075906,66
9075906,26
9075906,55
9075906,59
9075906,25
9075906,61
9075906,14
9075906,66
9075906,17
9075906,97
9075906,79
9075906,77
9074902,34
6517193,40
9074902,79
6517193,63
9074902,66
6517193,38
55602262,11
9074902,59
9074902,97
52901328,11
9074902,45
9074902,77
9074902,26
9074902,31
89120543,11
9074902,14
9074902,15
52215821,11
9075905,34
9075905,41
6307440,15
9075905,59
6307440,77
9075905,28
9075905,48
56300001,11
9075905,25
56300001,81
9075905,31
52900715,11
9075905,33
52216055,11
53502451,11
52202975,11
9075905,15
9075905,79
9075905,97
9076903,34
9076903,97
9075905,66
9076903,31
9076903,15
9075905,82
52901177,11
53502019,11
9075905,45
9075905,60
9075905,77
9075905,26
54901667,11
9075905,31
52205796,11
9075905,72
9075905,97
54500494,11
9075905,79
58500278,11
9075905,77
55602982,11
9075905,66
9075905,61
9075905,14
51800516,11
9075905,15
9075905,55
52206462,11
9075905,18
52900646,11
55602959,11
9075701,97
55800604,11
9075701,33
52903728,11
9075701,83
55100182,11
9075701,77
52900702,11
9075701,34
9075701,15
9074202,34
9074202,33
9075701,79
9074202,15
9075701,31
9074202,26
9074202,31
9075701,26
9074202,79
9074202,97
9075701,72
55100086,11
9075701,97
9075701,66
52204220,11
9075904,77
53500595,11
9075904,45
55602333,11
9075904,34
55100302,11
9075904,25
9075904,97
9075904,66
9075904,66
52201218,11
9075904,14
9075904,15
52205795,11
9075904,26
9075904,31
52205758,11
9075904,77
52901841,11
9075904,79
52903139,11
54901225,11
9075904,97
9075904,72
5521193,11
53700413,11
52901805,11
5106630,26
5106630,31
5106630,79
52901437,11
5106630,97
5106630,72
58700595,77
5106630,66
58700595,34
5106630,77
58700595,33
9076902,33
55300296,11
53500411,11
9076902,60
55614917,11
9076902,34
9076902,77
9077702,79
9077702,66
9077702,31
9077702,97
9076902,97
55400195,11
9076902,66
9079101,15
9079101,34
9076902,15
9079101,77
9076902,19
9076902,31
53501043,11
9077101,22
53501887,11
9077101,31
9077101,79
55603877,11
54500039,11
9077101,97
6900336,63
9077101,72
57600343,11
9075902,34
52900928,11
9075902,18
52903318,11
9075902,33
9075902,79
9079302,33
52900508,11
52201997,11
9079302,15
9079302,34
9079302,77
9079302,40
53701194,11
9079302,38
9069901,52
55600722,11
53700617,11
9069901,57
3012500,40
9075301,15
9075301,34
53503005,11
9075301,77
9075301,15
55100121,11
9075301,77
52902104,11
5521192,77
52201760,11
52903783,11
55614756,11
52904062,11
58503791,11
55602779,11
9077803,31
52205441,11
9077803,97
9077803,77
56400478,57
52203957,11
9071701,34
3201824,38
55601300,97
55601300,31
3014555,81
3014555,63
3014555,39
3014555,40
3014555,70
3201824,40
3201219,40
3201219,38
6410680,38
6803675,33
6605693,45
6410680,40
6605693,97
7210828,97
55300875,33
55300875,34
7210828,31
52204990,11
6306701,31
6306701,97
5520831,31
5520831,66
5520831,97
5520831,72
3102774,15
3012315,40
3012315,38
5522330,77
3102774,14
5522330,15
3102774,31
3802207,29
3102774,77
3102774,97
54300694,11
3802293,38
3802293,40
54500148,11
3301670,15
55602830,33
57200819,11
52903565,11
6413566,57
52200717,11
3201944,29
54402408,33
5200595,29
54402408,97
5518083,81
5518083,70
5518083,39
5518083,40
55603820,11
56200649,11
3014586,77
55601198,66
3014586,15
55601198,31
3802799,77
55601198,97
3802799,15
55002652,11
52205964,11
52215596,11
7006097,11
5501558,33
52600660,11
5207737,11
50800011,11
3012687,39
6407651,63
3012687,40
52202937,11
52205184,11
52202138,11
55600219,11
3201516,38
3201516,40
52600047,11
55602048,11
55602024,11
5519111,77
55601818,11
52700013,11
5519111,15
58502355,11
54500163,11
53502823,33
52600262,11
50800301,11
55600325,11
52206308,11
52205008,11
51800200,11
55602217,11
52600308,11
50800313,11
6309738,97
100002017,39
100002017,40
6309738,31
5510898,57
6309738,45
55600300,77
6309738,59
55600300,15
6309738,79
55603586,33
52215403,11
50800045,11
9076601,15
3012094,77
9076601,60
3012094,15
9076601,34
9076601,77
53501699,11
9076601,33
3802003,15
3802003,77
55001120,11
3802377,15
3802377,77
55601329,11
3013958,11
3013831,11
5522402,77
100020357,11
5522402,15
58997579,77
58997579,15
3015053,77
55400166,63
3015053,15
10013918,40
3014416,15
3014416,77
10013918,38
3013515,15
3201548,15
3013515,77
3013557,77
3106283,77
3013557,15
3702116,77
3202492,15
3702116,15
56901017,14
3702117,77
3801701,11
5702817,33
53501311,11
5522118,77
5519494,38
5519494,40
3013457,79
3013457,66
54500464,77
3013457,61
54500464,31
54500464,15
3013457,31
3013457,26
54500358,77
3013457,97
5108412,15
3013457,18
5108412,77
3012825,77
3801840,15
3801840,77
3012825,15
6520595,15
100000324,15
6520595,77
55614879,77
3013763,15
6704003,30
3802700,15
3802700,77
6522620,22
6522702,77
6521577,29
5521989,77
3013556,77
5521989,15
3013651,77
3013651,15
3013556,15
5425624,97
5425624,31
3802367,77
3802367,15
100002026,71
52205248,11
7300911,63
5521772,77
52202555,11
100002239,66
100002239,59
52900678,11
100002239,45
100002239,31
100002239,26
3800615,20
100002239,18
100002239,72
100002239,79
6002609,70
100002239,77
100002239,97
53502762,40
100002239,38
100002239,40
53502762,39
100002239,70
54400060,11
53503989,34
53503989,77
53503989,60
53503989,33
55602817,11
5521186,15
5521186,25
5521186,34
5521186,33
52200157,11
52700386,11
56401043,11
